{
    "parent": "game:root",
    "__comment": "Made with TheDestruc7i0n's advancements generator: https://advancements.thedestruc7i0n.ca",
    "display": {
        "title": {
            "translate": "txt.sach.15"
        },
        "description": {
            "translate": "txt.sach.15_1"
        },
        "icon": {
            "item": "minecraft:air"
        },
        "frame": "task",
        "show_toast": true,
        "announce_to_chat": true,
        "hidden": true
    },
    "criteria": {
        "impossible": {
            "trigger": "minecraft:impossible"
        }
    },
    "rewards": {
        "function": "game:advancement/misc_stan"
    }
}