{
    "condition": "minecraft:alternative",
    "terms": [{
            "condition": "minecraft:inverted",
            "term": {
                "condition": "minecraft:alternative",
                "terms": [{
                        "condition": "minecraft:inverted",
                        "term": {
                            "condition": "minecraft:reference",
                            "name": "game:player/on_ground"
                        }
                    },
                    {
                        "condition": "minecraft:inverted",
                        "term": {
                            "condition": "minecraft:reference",
                            "name": "game:zones/tunnel_death"
                        }
                    }
                ]
            }
        },
        {
            "condition": "minecraft:inverted",
            "term": {
                "condition": "minecraft:alternative",
                "terms": [{
                        "condition": "minecraft:inverted",
                        "term": {
                            "condition": "minecraft:reference",
                            "name": "game:player/in_liquid"
                        }
                    },
                    {
                        "condition": "minecraft:inverted",
                        "term": {
                            "condition": "minecraft:reference",
                            "name": "game:zones/tunnel_death"
                        }
                    }
                ]
            }
        }
    ]
}