{
    "condition": "minecraft:entity_properties",
    "entity": "this",
    "predicate": {
        "location": {
            "position": {
                "x": {
                    "min": 305,
                    "max": 322
                },
                "y": {
                    "min": 214,
                    "max": 220
                },
                "z": {
                    "min": 9768,
                    "max": 9784
                }
            }
        }
    }
}