{
    "condition": "minecraft:entity_properties",
    "entity": "this",
    "predicate": {
        "location": {
            "position": {
                "x": {
                    "min": 308,
                    "max": 336
                },
                "y": {
                    "min": 196,
                    "max": 205
                },
                "z": {
                    "min": 9812,
                    "max": 9836
                }
            }
        }
    }
}