{
    "type":"generic",
    "pools":[
        {
            "rolls":1,"entries":[
                {"type":"item","weight":1,"name":"minecraft:stone","functions":[{"function":"set_count","count":1},{"function":"set_nbt","tag":"{display:{Name:'{\"translate\":\"txt.death.msg406\"}'},after:1b,custom:1b,custom1:1b}"}]},
                {"type":"item","weight":1,"name":"minecraft:stone","functions":[{"function":"set_count","count":1},{"function":"set_nbt","tag":"{display:{Name:'{\"translate\":\"txt.death.msg407\"}'},after:1b,custom:1b,custom2:1b}"}]},
                {"type":"item","weight":1,"name":"minecraft:stone","functions":[{"function":"set_count","count":1},{"function":"set_nbt","tag":"{display:{Name:'{\"translate\":\"txt.death.msg408\"}'},after:1b,custom:1b,custom3:1b}"}]},
                {"type":"item","weight":1,"name":"minecraft:stone","functions":[{"function":"set_count","count":1},{"function":"set_nbt","tag":"{display:{Name:'{\"translate\":\"txt.death.msg409\"}'},after:1b,custom:1b,custom4:1b}"}]},
                {"type":"item","weight":1,"name":"minecraft:stone","functions":[{"function":"set_count","count":1},{"function":"set_nbt","tag":"{display:{Name:'{\"translate\":\"txt.death.msg410\"}'},after:1b,custom:1b,custom5:1b}"}]},
                {"type":"item","weight":1,"name":"minecraft:stone","functions":[{"function":"set_count","count":1},{"function":"set_nbt","tag":"{display:{Name:'{\"translate\":\"txt.death.msg411\"}'},after:1b,custom:1b,custom6:1b}"}]},
                {"type":"item","weight":1,"name":"minecraft:stone","functions":[{"function":"set_count","count":1},{"function":"set_nbt","tag":"{display:{Name:'{\"translate\":\"txt.death.msg412\"}'},after:1b,custom:1b,custom7:1b}"}]},
                {"type":"item","weight":1,"name":"minecraft:stone","functions":[{"function":"set_count","count":1},{"function":"set_nbt","tag":"{display:{Name:'{\"translate\":\"txt.death.msg413\"}'},after:1b}"}]},
                {"type":"item","weight":1,"name":"minecraft:stone","functions":[{"function":"set_count","count":1},{"function":"set_nbt","tag":"{display:{Name:'{\"translate\":\"txt.death.msg414\"}'},after:1b}"}]},
                {"type":"item","weight":1,"name":"minecraft:stone","functions":[{"function":"set_count","count":1},{"function":"set_nbt","tag":"{display:{Name:'{\"translate\":\"txt.death.msg415\"}'},after:1b}"}]},
                {"type":"item","weight":1,"name":"minecraft:stone","functions":[{"function":"set_count","count":1},{"function":"set_nbt","tag":"{display:{Name:'{\"translate\":\"txt.death.msg416\"}'},after:1b}"}]},
                {"type":"item","weight":1,"name":"minecraft:stone","functions":[{"function":"set_count","count":1},{"function":"set_nbt","tag":"{display:{Name:'{\"translate\":\"txt.death.msg417\"}'},after:1b}"}]},
                {"type":"item","weight":1,"name":"minecraft:stone","functions":[{"function":"set_count","count":1},{"function":"set_nbt","tag":"{display:{Name:'{\"translate\":\"txt.death.msg418\"}'},after:1b}"}]},
                {"type":"item","weight":1,"name":"minecraft:stone","functions":[{"function":"set_count","count":1},{"function":"set_nbt","tag":"{display:{Name:'{\"translate\":\"txt.death.msg419\"}'},after:1b}"}]},
                {"type":"item","weight":1,"name":"minecraft:stone","functions":[{"function":"set_count","count":1},{"function":"set_nbt","tag":"{display:{Name:'{\"translate\":\"txt.death.msg420\"}'},after:1b}"}]},
                {"type":"item","weight":1,"name":"minecraft:stone","functions":[{"function":"set_count","count":1},{"function":"set_nbt","tag":"{display:{Name:'{\"translate\":\"txt.death.msg421\"}'},after:1b}"}]},
                {"type":"item","weight":1,"name":"minecraft:stone","functions":[{"function":"set_count","count":1},{"function":"set_nbt","tag":"{display:{Name:'{\"translate\":\"txt.death.msg422\"}'},after:1b}"}]},
                {"type":"item","weight":1,"name":"minecraft:stone","functions":[{"function":"set_count","count":1},{"function":"set_nbt","tag":"{display:{Name:'{\"translate\":\"txt.death.msg423\"}'},after:1b}"}]},
                {"type":"item","weight":1,"name":"minecraft:stone","functions":[{"function":"set_count","count":1},{"function":"set_nbt","tag":"{display:{Name:'{\"translate\":\"txt.death.msg424\"}'},after:1b}"}]},
                {"type":"item","weight":1,"name":"minecraft:stone","functions":[{"function":"set_count","count":1},{"function":"set_nbt","tag":"{display:{Name:'{\"translate\":\"txt.death.msg425\"}'},after:1b}"}]},
                {"type":"item","weight":1,"name":"minecraft:stone","functions":[{"function":"set_count","count":1},{"function":"set_nbt","tag":"{display:{Name:'{\"translate\":\"txt.death.msg426\"}'},after:1b}"}]},
                {"type":"item","weight":1,"name":"minecraft:stone","functions":[{"function":"set_count","count":1},{"function":"set_nbt","tag":"{display:{Name:'{\"translate\":\"txt.death.msg427\"}'},after:1b}"}]},
                {"type":"item","weight":1,"name":"minecraft:stone","functions":[{"function":"set_count","count":1},{"function":"set_nbt","tag":"{display:{Name:'{\"translate\":\"txt.death.msg428\"}'},after:1b}"}]},
                {"type":"item","weight":1,"name":"minecraft:stone","functions":[{"function":"set_count","count":1},{"function":"set_nbt","tag":"{display:{Name:'{\"translate\":\"txt.death.msg429\"}'},after:1b}"}]},
                {"type":"item","weight":1,"name":"minecraft:stone","functions":[{"function":"set_count","count":1},{"function":"set_nbt","tag":"{display:{Name:'{\"translate\":\"txt.death.msg430\"}'},after:1b}"}]},
                {"type":"item","weight":1,"name":"minecraft:stone","functions":[{"function":"set_count","count":1},{"function":"set_nbt","tag":"{display:{Name:'{\"translate\":\"txt.death.msg431\"}'},after:1b}"}]},
                {"type":"item","weight":1,"name":"minecraft:stone","functions":[{"function":"set_count","count":1},{"function":"set_nbt","tag":"{display:{Name:'{\"translate\":\"txt.death.msg432\"}'},after:1b}"}]},
                {"type":"item","weight":1,"name":"minecraft:stone","functions":[{"function":"set_count","count":1},{"function":"set_nbt","tag":"{display:{Name:'{\"translate\":\"txt.death.msg433\"}'},after:1b}"}]},
                {"type":"item","weight":1,"name":"minecraft:stone","functions":[{"function":"set_count","count":1},{"function":"set_nbt","tag":"{display:{Name:'{\"translate\":\"txt.death.msg434\"}'},after:1b}"}]},
                {"type":"item","weight":1,"name":"minecraft:stone","functions":[{"function":"set_count","count":1},{"function":"set_nbt","tag":"{display:{Name:'{\"translate\":\"txt.death.msg435\"}'},after:1b}"}]},
                {"type":"item","weight":1,"name":"minecraft:stone","functions":[{"function":"set_count","count":1},{"function":"set_nbt","tag":"{display:{Name:'{\"translate\":\"txt.death.msg436\"}'},after:1b}"}]},
                {"type":"item","weight":1,"name":"minecraft:stone","functions":[{"function":"set_count","count":1},{"function":"set_nbt","tag":"{display:{Name:'{\"translate\":\"txt.death.msg437\"}'},after:1b}"}]},
                {"type":"item","weight":1,"name":"minecraft:stone","functions":[{"function":"set_count","count":1},{"function":"set_nbt","tag":"{display:{Name:'{\"translate\":\"txt.death.msg438\"}'},after:1b}"}]},
                {"type":"item","weight":1,"name":"minecraft:stone","functions":[{"function":"set_count","count":1},{"function":"set_nbt","tag":"{display:{Name:'{\"translate\":\"txt.death.msg439\"}'},after:1b}"}]},
                {"type":"item","weight":1,"name":"minecraft:stone","functions":[{"function":"set_count","count":1},{"function":"set_nbt","tag":"{display:{Name:'{\"translate\":\"txt.death.msg440\"}'},after:1b}"}]},
                {"type":"item","weight":1,"name":"minecraft:stone","functions":[{"function":"set_count","count":1},{"function":"set_nbt","tag":"{display:{Name:'{\"translate\":\"txt.death.msg441\"}'},after:1b}"}]},
                {"type":"item","weight":1,"name":"minecraft:stone","functions":[{"function":"set_count","count":1},{"function":"set_nbt","tag":"{display:{Name:'{\"translate\":\"txt.death.msg442\"}'},after:1b}"}]},
                {"type":"item","weight":1,"name":"minecraft:stone","functions":[{"function":"set_count","count":1},{"function":"set_nbt","tag":"{display:{Name:'{\"translate\":\"txt.death.msg443\"}'},after:1b}"}]},
                {"type":"item","weight":1,"name":"minecraft:stone","functions":[{"function":"set_count","count":1},{"function":"set_nbt","tag":"{display:{Name:'{\"translate\":\"txt.death.msg444\"}'},after:1b}"}]},
                {"type":"item","weight":1,"name":"minecraft:stone","functions":[{"function":"set_count","count":1},{"function":"set_nbt","tag":"{display:{Name:'{\"translate\":\"txt.death.msg445\"}'},after:1b}"}]},
                {"type":"item","weight":1,"name":"minecraft:stone","functions":[{"function":"set_count","count":1},{"function":"set_nbt","tag":"{display:{Name:'{\"translate\":\"txt.death.msg446\"}'},after:1b}"}]},
                {"type":"item","weight":1,"name":"minecraft:stone","functions":[{"function":"set_count","count":1},{"function":"set_nbt","tag":"{display:{Name:'{\"translate\":\"txt.death.msg447\"}'},after:1b}"}]},
                {"type":"item","weight":1,"name":"minecraft:stone","functions":[{"function":"set_count","count":1},{"function":"set_nbt","tag":"{display:{Name:'{\"translate\":\"txt.death.msg448\"}'},after:1b}"}]},
                {"type":"item","weight":1,"name":"minecraft:stone","functions":[{"function":"set_count","count":1},{"function":"set_nbt","tag":"{display:{Name:'{\"translate\":\"txt.death.msg449\"}'},after:1b}"}]},
                {"type":"item","weight":1,"name":"minecraft:stone","functions":[{"function":"set_count","count":1},{"function":"set_nbt","tag":"{display:{Name:'{\"translate\":\"txt.death.msg450\"}'},after:1b}"}]},
                {"type":"item","weight":1,"name":"minecraft:stone","functions":[{"function":"set_count","count":1},{"function":"set_nbt","tag":"{display:{Name:'{\"translate\":\"txt.death.msg451\"}'},after:1b}"}]},
                {"type":"item","weight":1,"name":"minecraft:stone","functions":[{"function":"set_count","count":1},{"function":"set_nbt","tag":"{display:{Name:'{\"translate\":\"txt.death.msg452\"}'}}"}]},
                {"type":"item","weight":1,"name":"minecraft:stone","functions":[{"function":"set_count","count":1},{"function":"set_nbt","tag":"{display:{Name:'{\"translate\":\"txt.death.msg453\"}'},after:1b}"}]},
                {"type":"item","weight":1,"name":"minecraft:stone","functions":[{"function":"set_count","count":1},{"function":"set_nbt","tag":"{display:{Name:'{\"translate\":\"txt.death.msg454\"}'},after:1b}"}]},
                {"type":"item","weight":1,"name":"minecraft:stone","functions":[{"function":"set_count","count":1},{"function":"set_nbt","tag":"{display:{Name:'{\"translate\":\"txt.death.msg455\"}'},after:1b}"}]},
                {"type":"item","weight":1,"name":"minecraft:stone","functions":[{"function":"set_count","count":1},{"function":"set_nbt","tag":"{display:{Name:'{\"translate\":\"txt.death.msg456\"}'},after:1b}"}]},
                {"type":"item","weight":1,"name":"minecraft:stone","functions":[{"function":"set_count","count":1},{"function":"set_nbt","tag":"{display:{Name:'{\"translate\":\"txt.death.msg457\"}'},after:1b}"}]},
                {"type":"item","weight":1,"name":"minecraft:stone","functions":[{"function":"set_count","count":1},{"function":"set_nbt","tag":"{display:{Name:'{\"translate\":\"txt.death.msg458\"}'}}"}]},
                {"type":"item","weight":1,"name":"minecraft:stone","functions":[{"function":"set_count","count":1},{"function":"set_nbt","tag":"{display:{Name:'{\"translate\":\"txt.death.msg459\"}'},after:1b}"}]},
                {"type":"item","weight":1,"name":"minecraft:stone","functions":[{"function":"set_count","count":1},{"function":"set_nbt","tag":"{display:{Name:'{\"translate\":\"txt.death.msg460\"}'},after:1b}"}]},
                {"type":"item","weight":1,"name":"minecraft:stone","functions":[{"function":"set_count","count":1},{"function":"set_nbt","tag":"{display:{Name:'{\"translate\":\"txt.death.msg461\"}'},after:1b}"}]},
                {"type":"item","weight":1,"name":"minecraft:stone","functions":[{"function":"set_count","count":1},{"function":"set_nbt","tag":"{display:{Name:'{\"translate\":\"txt.death.msg462\"}'},after:1b}"}]},
                {"type":"item","weight":1,"name":"minecraft:stone","functions":[{"function":"set_count","count":1},{"function":"set_nbt","tag":"{display:{Name:'{\"translate\":\"txt.death.msg463\"}'},after:1b}"}]},
                {"type":"item","weight":1,"name":"minecraft:stone","functions":[{"function":"set_count","count":1},{"function":"set_nbt","tag":"{display:{Name:'{\"translate\":\"txt.death.msg464\"}'},after:1b}"}]},
                {"type":"item","weight":1,"name":"minecraft:stone","functions":[{"function":"set_count","count":1},{"function":"set_nbt","tag":"{display:{Name:'{\"translate\":\"txt.death.msg465\"}'},after:1b}"}]},
                {"type":"item","weight":1,"name":"minecraft:stone","functions":[{"function":"set_count","count":1},{"function":"set_nbt","tag":"{display:{Name:'{\"translate\":\"txt.death.msg466\"}'},after:1b}"}]},
                {"type":"item","weight":1,"name":"minecraft:stone","functions":[{"function":"set_count","count":1},{"function":"set_nbt","tag":"{display:{Name:'{\"translate\":\"txt.death.msg467\"}'},after:1b}"}]},
                {"type":"item","weight":1,"name":"minecraft:stone","functions":[{"function":"set_count","count":1},{"function":"set_nbt","tag":"{display:{Name:'{\"translate\":\"txt.death.msg468\"}'},after:1b}"}]},
                {"type":"item","weight":1,"name":"minecraft:stone","functions":[{"function":"set_count","count":1},{"function":"set_nbt","tag":"{display:{Name:'{\"translate\":\"txt.death.msg469\"}'},after:1b}"}]},
                {"type":"item","weight":1,"name":"minecraft:stone","functions":[{"function":"set_count","count":1},{"function":"set_nbt","tag":"{display:{Name:'{\"translate\":\"txt.death.msg470\"}'},after:1b}"}]},
                {"type":"item","weight":1,"name":"minecraft:stone","functions":[{"function":"set_count","count":1},{"function":"set_nbt","tag":"{display:{Name:'{\"translate\":\"txt.death.msg471\"}'},after:1b}"}]},
                {"type":"item","weight":1,"name":"minecraft:stone","functions":[{"function":"set_count","count":1},{"function":"set_nbt","tag":"{display:{Name:'{\"translate\":\"txt.death.msg472\"}'},after:1b}"}]},
                {"type":"item","weight":1,"name":"minecraft:stone","functions":[{"function":"set_count","count":1},{"function":"set_nbt","tag":"{display:{Name:'{\"translate\":\"txt.death.msg473\"}'},after:1b}"}]},
                {"type":"item","weight":1,"name":"minecraft:stone","functions":[{"function":"set_count","count":1},{"function":"set_nbt","tag":"{display:{Name:'{\"translate\":\"txt.death.msg474\"}'},after:1b}"}]},
                {"type":"item","weight":1,"name":"minecraft:stone","functions":[{"function":"set_count","count":1},{"function":"set_nbt","tag":"{display:{Name:'{\"translate\":\"txt.death.msg475\"}'},after:1b}"}]},
                {"type":"item","weight":1,"name":"minecraft:stone","functions":[{"function":"set_count","count":1},{"function":"set_nbt","tag":"{display:{Name:'{\"translate\":\"txt.death.msg476\"}'},after:1b}"}]},
                {"type":"item","weight":1,"name":"minecraft:stone","functions":[{"function":"set_count","count":1},{"function":"set_nbt","tag":"{display:{Name:'{\"translate\":\"txt.death.msg477\"}'},after:1b}"}]},
                {"type":"item","weight":1,"name":"minecraft:stone","functions":[{"function":"set_count","count":1},{"function":"set_nbt","tag":"{display:{Name:'{\"translate\":\"txt.death.msg478\"}'},after:1b}"}]},
                {"type":"item","weight":1,"name":"minecraft:stone","functions":[{"function":"set_count","count":1},{"function":"set_nbt","tag":"{display:{Name:'{\"translate\":\"txt.death.msg479\"}'},after:1b}"}]},
                {"type":"item","weight":1,"name":"minecraft:stone","functions":[{"function":"set_count","count":1},{"function":"set_nbt","tag":"{display:{Name:'{\"translate\":\"txt.death.msg480\"}'},after:1b}"}]},
                {"type":"item","weight":1,"name":"minecraft:stone","functions":[{"function":"set_count","count":1},{"function":"set_nbt","tag":"{display:{Name:'{\"translate\":\"txt.death.msg481\"}'},after:1b}"}]},
                {"type":"item","weight":1,"name":"minecraft:stone","functions":[{"function":"set_count","count":1},{"function":"set_nbt","tag":"{display:{Name:'{\"translate\":\"txt.death.msg482\"}'},after:1b}"}]},
                {"type":"item","weight":1,"name":"minecraft:stone","functions":[{"function":"set_count","count":1},{"function":"set_nbt","tag":"{display:{Name:'{\"translate\":\"txt.death.msg483\"}'},after:1b}"}]},
                {"type":"item","weight":1,"name":"minecraft:stone","functions":[{"function":"set_count","count":1},{"function":"set_nbt","tag":"{display:{Name:'{\"translate\":\"txt.death.msg484\"}'},after:1b}"}]},
                {"type":"item","weight":1,"name":"minecraft:stone","functions":[{"function":"set_count","count":1},{"function":"set_nbt","tag":"{display:{Name:'{\"translate\":\"txt.death.msg485\"}'},after:1b}"}]},
                {"type":"item","weight":1,"name":"minecraft:stone","functions":[{"function":"set_count","count":1},{"function":"set_nbt","tag":"{display:{Name:'{\"translate\":\"txt.death.msg486\"}'},after:1b}"}]},
                {"type":"item","weight":1,"name":"minecraft:stone","functions":[{"function":"set_count","count":1},{"function":"set_nbt","tag":"{display:{Name:'{\"translate\":\"txt.death.msg487\"}'},after:1b}"}]},
                {"type":"item","weight":1,"name":"minecraft:stone","functions":[{"function":"set_count","count":1},{"function":"set_nbt","tag":"{display:{Name:'{\"translate\":\"txt.death.msg488\"}'},after:1b}"}]},
                {"type":"item","weight":1,"name":"minecraft:stone","functions":[{"function":"set_count","count":1},{"function":"set_nbt","tag":"{display:{Name:'{\"translate\":\"txt.death.msg489\"}'},after:1b}"}]},
                {"type":"item","weight":1,"name":"minecraft:stone","functions":[{"function":"set_count","count":1},{"function":"set_nbt","tag":"{display:{Name:'{\"translate\":\"txt.death.msg490\"}'},after:1b}"}]},
                {"type":"item","weight":1,"name":"minecraft:stone","functions":[{"function":"set_count","count":1},{"function":"set_nbt","tag":"{display:{Name:'{\"translate\":\"txt.death.msg491\"}'},after:1b}"}]},
                {"type":"item","weight":1,"name":"minecraft:stone","functions":[{"function":"set_count","count":1},{"function":"set_nbt","tag":"{display:{Name:'{\"translate\":\"txt.death.msg492\"}'},after:1b}"}]},
                {"type":"item","weight":1,"name":"minecraft:stone","functions":[{"function":"set_count","count":1},{"function":"set_nbt","tag":"{display:{Name:'{\"translate\":\"txt.death.msg493\"}'},after:1b}"}]},
                {"type":"item","weight":1,"name":"minecraft:stone","functions":[{"function":"set_count","count":1},{"function":"set_nbt","tag":"{display:{Name:'{\"translate\":\"txt.death.msg494\"}'},after:1b}"}]},
                {"type":"item","weight":1,"name":"minecraft:stone","functions":[{"function":"set_count","count":1},{"function":"set_nbt","tag":"{display:{Name:'{\"translate\":\"txt.death.msg495\"}'},after:1b}"}]},
                {"type":"item","weight":1,"name":"minecraft:stone","functions":[{"function":"set_count","count":1},{"function":"set_nbt","tag":"{display:{Name:'{\"translate\":\"txt.death.msg496\"}'},after:1b}"}]},
                {"type":"item","weight":1,"name":"minecraft:stone","functions":[{"function":"set_count","count":1},{"function":"set_nbt","tag":"{display:{Name:'{\"translate\":\"txt.death.msg497\"}'},after:1b}"}]},
                {"type":"item","weight":1,"name":"minecraft:stone","functions":[{"function":"set_count","count":1},{"function":"set_nbt","tag":"{display:{Name:'{\"translate\":\"txt.death.msg498\"}'},after:1b}"}]},
                {"type":"item","weight":1,"name":"minecraft:stone","functions":[{"function":"set_count","count":1},{"function":"set_nbt","tag":"{display:{Name:'{\"translate\":\"txt.death.msg499\"}'},after:1b}"}]},
                {"type":"item","weight":1,"name":"minecraft:stone","functions":[{"function":"set_count","count":1},{"function":"set_nbt","tag":"{display:{Name:'{\"translate\":\"txt.death.msg500\"}'},after:1b}"}]},
                {"type":"item","weight":1,"name":"minecraft:stone","functions":[{"function":"set_count","count":1},{"function":"set_nbt","tag":"{display:{Name:'{\"translate\":\"txt.death.msg501\"}'},after:1b}"}]},
                {"type":"item","weight":1,"name":"minecraft:stone","functions":[{"function":"set_count","count":1},{"function":"set_nbt","tag":"{display:{Name:'{\"translate\":\"txt.death.msg502\"}'},after:1b}"}]},
                {"type":"item","weight":1,"name":"minecraft:stone","functions":[{"function":"set_count","count":1},{"function":"set_nbt","tag":"{display:{Name:'{\"translate\":\"txt.death.msg503\"}'},after:1b}"}]},
                {"type":"item","weight":1,"name":"minecraft:stone","functions":[{"function":"set_count","count":1},{"function":"set_nbt","tag":"{display:{Name:'{\"translate\":\"txt.death.msg504\"}'},after:1b}"}]},
                {"type":"item","weight":1,"name":"minecraft:stone","functions":[{"function":"set_count","count":1},{"function":"set_nbt","tag":"{display:{Name:'{\"translate\":\"txt.death.msg505\"}'},after:1b}"}]},
                {"type":"item","weight":1,"name":"minecraft:stone","functions":[{"function":"set_count","count":1},{"function":"set_nbt","tag":"{display:{Name:'{\"translate\":\"txt.death.msg506\"}'},after:1b}"}]},
                {"type":"item","weight":1,"name":"minecraft:stone","functions":[{"function":"set_count","count":1},{"function":"set_nbt","tag":"{display:{Name:'{\"translate\":\"txt.death.msg507\"}'},after:1b}"}]},
                {"type":"item","weight":1,"name":"minecraft:stone","functions":[{"function":"set_count","count":1},{"function":"set_nbt","tag":"{display:{Name:'{\"translate\":\"txt.death.msg508\"}'},after:1b}"}]},
                {"type":"item","weight":1,"name":"minecraft:stone","functions":[{"function":"set_count","count":1},{"function":"set_nbt","tag":"{display:{Name:'{\"translate\":\"txt.death.msg509\"}'},after:1b}"}]},
                {"type":"item","weight":1,"name":"minecraft:stone","functions":[{"function":"set_count","count":1},{"function":"set_nbt","tag":"{display:{Name:'{\"translate\":\"txt.death.msg510\"}'},after:1b}"}]},
                {"type":"item","weight":1,"name":"minecraft:stone","functions":[{"function":"set_count","count":1},{"function":"set_nbt","tag":"{display:{Name:'{\"translate\":\"txt.death.msg511\"}'},after:1b}"}]},
                {"type":"item","weight":1,"name":"minecraft:stone","functions":[{"function":"set_count","count":1},{"function":"set_nbt","tag":"{display:{Name:'{\"translate\":\"txt.death.msg512\"}'},after:1b}"}]},
                {"type":"item","weight":1,"name":"minecraft:stone","functions":[{"function":"set_count","count":1},{"function":"set_nbt","tag":"{display:{Name:'{\"translate\":\"txt.death.msg513\"}'},after:1b}"}]},
                {"type":"item","weight":1,"name":"minecraft:stone","functions":[{"function":"set_count","count":1},{"function":"set_nbt","tag":"{display:{Name:'{\"translate\":\"txt.death.msg514\"}'},after:1b}"}]},
                {"type":"item","weight":1,"name":"minecraft:stone","functions":[{"function":"set_count","count":1},{"function":"set_nbt","tag":"{display:{Name:'{\"translate\":\"txt.death.msg515\"}'},after:1b}"}]},
                {"type":"item","weight":1,"name":"minecraft:stone","functions":[{"function":"set_count","count":1},{"function":"set_nbt","tag":"{display:{Name:'{\"translate\":\"txt.death.msg516\"}'},after:1b}"}]},
                {"type":"item","weight":1,"name":"minecraft:stone","functions":[{"function":"set_count","count":1},{"function":"set_nbt","tag":"{display:{Name:'{\"translate\":\"txt.death.msg517\"}'},after:1b}"}]},
                {"type":"item","weight":1,"name":"minecraft:stone","functions":[{"function":"set_count","count":1},{"function":"set_nbt","tag":"{display:{Name:'{\"translate\":\"txt.death.msg518\"}'},after:1b}"}]},
                {"type":"item","weight":1,"name":"minecraft:stone","functions":[{"function":"set_count","count":1},{"function":"set_nbt","tag":"{display:{Name:'{\"translate\":\"txt.death.msg519\"}'},after:1b}"}]},
                {"type":"item","weight":1,"name":"minecraft:stone","functions":[{"function":"set_count","count":1},{"function":"set_nbt","tag":"{display:{Name:'{\"translate\":\"txt.death.msg520\"}'},after:1b}"}]},
                {"type":"item","weight":1,"name":"minecraft:stone","functions":[{"function":"set_count","count":1},{"function":"set_nbt","tag":"{display:{Name:'{\"translate\":\"txt.death.msg521\"}'},after:1b}"}]},
                {"type":"item","weight":1,"name":"minecraft:stone","functions":[{"function":"set_count","count":1},{"function":"set_nbt","tag":"{display:{Name:'{\"translate\":\"txt.death.msg522\"}'},after:1b}"}]},
                {"type":"item","weight":1,"name":"minecraft:stone","functions":[{"function":"set_count","count":1},{"function":"set_nbt","tag":"{display:{Name:'{\"translate\":\"txt.death.msg523\"}'},after:1b}"}]},
                {"type":"item","weight":1,"name":"minecraft:stone","functions":[{"function":"set_count","count":1},{"function":"set_nbt","tag":"{display:{Name:'{\"translate\":\"txt.death.msg524\"}'},after:1b}"}]},
                {"type":"item","weight":1,"name":"minecraft:stone","functions":[{"function":"set_count","count":1},{"function":"set_nbt","tag":"{display:{Name:'{\"translate\":\"txt.death.msg525\"}'},after:1b}"}]},
                {"type":"item","weight":1,"name":"minecraft:stone","functions":[{"function":"set_count","count":1},{"function":"set_nbt","tag":"{display:{Name:'{\"translate\":\"txt.death.msg526\"}'},after:1b}"}]},
                {"type":"item","weight":1,"name":"minecraft:stone","functions":[{"function":"set_count","count":1},{"function":"set_nbt","tag":"{display:{Name:'{\"translate\":\"txt.death.msg527\"}'},after:1b}"}]},
                {"type":"item","weight":1,"name":"minecraft:stone","functions":[{"function":"set_count","count":1},{"function":"set_nbt","tag":"{display:{Name:'{\"translate\":\"txt.death.msg528\"}'},after:1b}"}]},
                {"type":"item","weight":1,"name":"minecraft:stone","functions":[{"function":"set_count","count":1},{"function":"set_nbt","tag":"{display:{Name:'{\"translate\":\"txt.death.msg529\"}'},after:1b}"}]},
                {"type":"item","weight":1,"name":"minecraft:stone","functions":[{"function":"set_count","count":1},{"function":"set_nbt","tag":"{display:{Name:'{\"translate\":\"txt.death.msg530\"}'},after:1b}"}]},
                {"type":"item","weight":1,"name":"minecraft:stone","functions":[{"function":"set_count","count":1},{"function":"set_nbt","tag":"{display:{Name:'{\"translate\":\"txt.death.msg531\"}'},after:1b}"}]},
                {"type":"item","weight":1,"name":"minecraft:stone","functions":[{"function":"set_count","count":1},{"function":"set_nbt","tag":"{display:{Name:'{\"translate\":\"txt.death.msg532\"}'},after:1b}"}]},
                {"type":"item","weight":1,"name":"minecraft:stone","functions":[{"function":"set_count","count":1},{"function":"set_nbt","tag":"{display:{Name:'{\"translate\":\"txt.death.msg533\"}'},after:1b}"}]},
                {"type":"item","weight":1,"name":"minecraft:stone","functions":[{"function":"set_count","count":1},{"function":"set_nbt","tag":"{display:{Name:'{\"translate\":\"txt.death.msg534\"}'},after:1b}"}]},
                {"type":"item","weight":1,"name":"minecraft:stone","functions":[{"function":"set_count","count":1},{"function":"set_nbt","tag":"{display:{Name:'{\"translate\":\"txt.death.msg535\"}'},after:1b}"}]},
                {"type":"item","weight":1,"name":"minecraft:stone","functions":[{"function":"set_count","count":1},{"function":"set_nbt","tag":"{display:{Name:'{\"translate\":\"txt.death.msg536\"}'},after:1b}"}]},
                {"type":"item","weight":1,"name":"minecraft:stone","functions":[{"function":"set_count","count":1},{"function":"set_nbt","tag":"{display:{Name:'{\"translate\":\"txt.death.msg537\"}'},after:1b}"}]},
                {"type":"item","weight":1,"name":"minecraft:stone","functions":[{"function":"set_count","count":1},{"function":"set_nbt","tag":"{display:{Name:'{\"translate\":\"txt.death.msg538\"}'},after:1b}"}]},
                {"type":"item","weight":1,"name":"minecraft:stone","functions":[{"function":"set_count","count":1},{"function":"set_nbt","tag":"{display:{Name:'{\"translate\":\"txt.death.msg539\"}'},after:1b}"}]},
                {"type":"item","weight":1,"name":"minecraft:stone","functions":[{"function":"set_count","count":1},{"function":"set_nbt","tag":"{display:{Name:'{\"translate\":\"txt.death.msg540\"}'},after:1b}"}]},
                {"type":"item","weight":1,"name":"minecraft:stone","functions":[{"function":"set_count","count":1},{"function":"set_nbt","tag":"{display:{Name:'{\"translate\":\"txt.death.msg541\"}'},after:1b}"}]},
                {"type":"item","weight":1,"name":"minecraft:stone","functions":[{"function":"set_count","count":1},{"function":"set_nbt","tag":"{display:{Name:'{\"translate\":\"txt.death.msg542\"}'},after:1b}"}]},
                {"type":"item","weight":1,"name":"minecraft:stone","functions":[{"function":"set_count","count":1},{"function":"set_nbt","tag":"{display:{Name:'{\"translate\":\"txt.death.msg543\"}'},after:1b}"}]},
                {"type":"item","weight":1,"name":"minecraft:stone","functions":[{"function":"set_count","count":1},{"function":"set_nbt","tag":"{display:{Name:'{\"translate\":\"txt.death.msg544\"}'},after:1b}"}]},
                {"type":"item","weight":1,"name":"minecraft:stone","functions":[{"function":"set_count","count":1},{"function":"set_nbt","tag":"{display:{Name:'{\"translate\":\"txt.death.msg545\"}'},after:1b}"}]},
                {"type":"item","weight":1,"name":"minecraft:stone","functions":[{"function":"set_count","count":1},{"function":"set_nbt","tag":"{display:{Name:'{\"translate\":\"txt.death.msg546\"}'},after:1b}"}]},
                {"type":"item","weight":1,"name":"minecraft:stone","functions":[{"function":"set_count","count":1},{"function":"set_nbt","tag":"{display:{Name:'{\"translate\":\"txt.death.msg547\"}'},after:1b}"}]}

            ]
        }
    ]
}