{
    "type":"generic",
    "pools":[
        {
            "rolls":1,"entries":[
                {"type":"item","weight":1,"name":"minecraft:stone","functions":[{"function":"set_count","count":1},{"function":"set_nbt","tag":"{display:{Name:'{\"translate\":\"txt.death.msg1\"}'},after:1b}"}]},
                {"type":"item","weight":1,"name":"minecraft:stone","functions":[{"function":"set_count","count":1},{"function":"set_nbt","tag":"{display:{Name:'{\"translate\":\"txt.death.msg2\"}'},after:1b}"}]},
                {"type":"item","weight":1,"name":"minecraft:stone","functions":[{"function":"set_count","count":1},{"function":"set_nbt","tag":"{display:{Name:'{\"translate\":\"txt.death.msg3\"}'},after:1b}"}]},
                {"type":"item","weight":1,"name":"minecraft:stone","functions":[{"function":"set_count","count":1},{"function":"set_nbt","tag":"{display:{Name:'{\"translate\":\"txt.death.msg4\"}'},after:1b}"}]},
                {"type":"item","weight":1,"name":"minecraft:stone","functions":[{"function":"set_count","count":1},{"function":"set_nbt","tag":"{display:{Name:'{\"translate\":\"txt.death.msg5\"}'},after:1b}"}]},
                {"type":"item","weight":1,"name":"minecraft:stone","functions":[{"function":"set_count","count":1},{"function":"set_nbt","tag":"{display:{Name:'{\"translate\":\"txt.death.msg6\"}'},after:1b}"}]},
                {"type":"item","weight":1,"name":"minecraft:stone","functions":[{"function":"set_count","count":1},{"function":"set_nbt","tag":"{display:{Name:'{\"translate\":\"txt.death.msg7\"}'},after:1b}"}]},
                {"type":"item","weight":1,"name":"minecraft:stone","functions":[{"function":"set_count","count":1},{"function":"set_nbt","tag":"{display:{Name:'{\"translate\":\"txt.death.msg8\"}'},after:1b}"}]},
                {"type":"item","weight":1,"name":"minecraft:stone","functions":[{"function":"set_count","count":1},{"function":"set_nbt","tag":"{display:{Name:'{\"translate\":\"txt.death.msg9\"}'},after:1b}"}]},
                {"type":"item","weight":1,"name":"minecraft:stone","functions":[{"function":"set_count","count":1},{"function":"set_nbt","tag":"{display:{Name:'{\"translate\":\"txt.death.msg10\"}'},after:1b}"}]},
                {"type":"item","weight":1,"name":"minecraft:stone","functions":[{"function":"set_count","count":1},{"function":"set_nbt","tag":"{display:{Name:'{\"translate\":\"txt.death.msg11\"}'},after:1b}"}]},
                {"type":"item","weight":1,"name":"minecraft:stone","functions":[{"function":"set_count","count":1},{"function":"set_nbt","tag":"{display:{Name:'{\"translate\":\"txt.death.msg12\"}'},after:1b}"}]},
                {"type":"item","weight":1,"name":"minecraft:stone","functions":[{"function":"set_count","count":1},{"function":"set_nbt","tag":"{display:{Name:'{\"translate\":\"txt.death.msg13\"}'},after:1b}"}]},
                {"type":"item","weight":1,"name":"minecraft:stone","functions":[{"function":"set_count","count":1},{"function":"set_nbt","tag":"{display:{Name:'{\"translate\":\"txt.death.msg14\"}'},after:1b}"}]},
                {"type":"item","weight":1,"name":"minecraft:stone","functions":[{"function":"set_count","count":1},{"function":"set_nbt","tag":"{display:{Name:'{\"translate\":\"txt.death.msg15\"}'},after:1b}"}]},
                {"type":"item","weight":1,"name":"minecraft:stone","functions":[{"function":"set_count","count":1},{"function":"set_nbt","tag":"{display:{Name:'{\"translate\":\"txt.death.msg16\"}'},after:1b}"}]},
                {"type":"item","weight":1,"name":"minecraft:stone","functions":[{"function":"set_count","count":1},{"function":"set_nbt","tag":"{display:{Name:'{\"translate\":\"txt.death.msg17\"}'},after:1b}"}]},
                {"type":"item","weight":1,"name":"minecraft:stone","functions":[{"function":"set_count","count":1},{"function":"set_nbt","tag":"{display:{Name:'{\"translate\":\"txt.death.msg18\"}'},after:1b}"}]},
                {"type":"item","weight":1,"name":"minecraft:stone","functions":[{"function":"set_count","count":1},{"function":"set_nbt","tag":"{display:{Name:'{\"translate\":\"txt.death.msg19\"}'},after:1b}"}]},
                {"type":"item","weight":1,"name":"minecraft:stone","functions":[{"function":"set_count","count":1},{"function":"set_nbt","tag":"{display:{Name:'{\"translate\":\"txt.death.msg20\"}'},after:1b}"}]},
                {"type":"item","weight":1,"name":"minecraft:stone","functions":[{"function":"set_count","count":1},{"function":"set_nbt","tag":"{display:{Name:'{\"translate\":\"txt.death.msg21\"}'},after:1b}"}]},
                {"type":"item","weight":1,"name":"minecraft:stone","functions":[{"function":"set_count","count":1},{"function":"set_nbt","tag":"{display:{Name:'{\"translate\":\"txt.death.msg22\"}'},after:1b}"}]},
                {"type":"item","weight":1,"name":"minecraft:stone","functions":[{"function":"set_count","count":1},{"function":"set_nbt","tag":"{display:{Name:'{\"translate\":\"txt.death.msg23\"}'},after:1b}"}]},
                {"type":"item","weight":1,"name":"minecraft:stone","functions":[{"function":"set_count","count":1},{"function":"set_nbt","tag":"{display:{Name:'{\"translate\":\"txt.death.msg24\"}'},after:1b}"}]},
                {"type":"item","weight":1,"name":"minecraft:stone","functions":[{"function":"set_count","count":1},{"function":"set_nbt","tag":"{display:{Name:'{\"translate\":\"txt.death.msg25\"}'},after:1b}"}]},
                {"type":"item","weight":1,"name":"minecraft:stone","functions":[{"function":"set_count","count":1},{"function":"set_nbt","tag":"{display:{Name:'{\"translate\":\"txt.death.msg26\"}'},after:1b}"}]},
                {"type":"item","weight":1,"name":"minecraft:stone","functions":[{"function":"set_count","count":1},{"function":"set_nbt","tag":"{display:{Name:'{\"translate\":\"txt.death.msg27\"}'},after:1b}"}]},
                {"type":"item","weight":1,"name":"minecraft:stone","functions":[{"function":"set_count","count":1},{"function":"set_nbt","tag":"{display:{Name:'{\"translate\":\"txt.death.msg28\"}'},after:1b}"}]},
                {"type":"item","weight":1,"name":"minecraft:stone","functions":[{"function":"set_count","count":1},{"function":"set_nbt","tag":"{display:{Name:'{\"translate\":\"txt.death.msg29\"}'},after:1b}"}]},
                {"type":"item","weight":1,"name":"minecraft:stone","functions":[{"function":"set_count","count":1},{"function":"set_nbt","tag":"{display:{Name:'{\"translate\":\"txt.death.msg30\"}'},after:1b}"}]},
                {"type":"item","weight":1,"name":"minecraft:stone","functions":[{"function":"set_count","count":1},{"function":"set_nbt","tag":"{display:{Name:'{\"translate\":\"txt.death.msg31\"}'},after:1b}"}]},
                {"type":"item","weight":1,"name":"minecraft:stone","functions":[{"function":"set_count","count":1},{"function":"set_nbt","tag":"{display:{Name:'{\"translate\":\"txt.death.msg32\"}'},after:1b}"}]},
                {"type":"item","weight":1,"name":"minecraft:stone","functions":[{"function":"set_count","count":1},{"function":"set_nbt","tag":"{display:{Name:'{\"translate\":\"txt.death.msg33\"}'},after:1b}"}]},
                {"type":"item","weight":1,"name":"minecraft:stone","functions":[{"function":"set_count","count":1},{"function":"set_nbt","tag":"{display:{Name:'{\"translate\":\"txt.death.msg34\"}'},after:1b}"}]},
                {"type":"item","weight":1,"name":"minecraft:stone","functions":[{"function":"set_count","count":1},{"function":"set_nbt","tag":"{display:{Name:'{\"translate\":\"txt.death.msg35\"}'},after:1b}"}]},
                {"type":"item","weight":1,"name":"minecraft:stone","functions":[{"function":"set_count","count":1},{"function":"set_nbt","tag":"{display:{Name:'{\"translate\":\"txt.death.msg36\"}'},after:1b}"}]},
                {"type":"item","weight":1,"name":"minecraft:stone","functions":[{"function":"set_count","count":1},{"function":"set_nbt","tag":"{display:{Name:'{\"translate\":\"txt.death.msg37\"}'},after:1b}"}]},
                {"type":"item","weight":1,"name":"minecraft:stone","functions":[{"function":"set_count","count":1},{"function":"set_nbt","tag":"{display:{Name:'{\"translate\":\"txt.death.msg38\"}'},after:1b}"}]},
                {"type":"item","weight":1,"name":"minecraft:stone","functions":[{"function":"set_count","count":1},{"function":"set_nbt","tag":"{display:{Name:'{\"translate\":\"txt.death.msg39\"}'},after:1b}"}]},
                {"type":"item","weight":1,"name":"minecraft:stone","functions":[{"function":"set_count","count":1},{"function":"set_nbt","tag":"{display:{Name:'{\"translate\":\"txt.death.msg40\"}'},after:1b}"}]},
                {"type":"item","weight":1,"name":"minecraft:stone","functions":[{"function":"set_count","count":1},{"function":"set_nbt","tag":"{display:{Name:'{\"translate\":\"txt.death.msg41\"}'},after:1b}"}]},
                {"type":"item","weight":1,"name":"minecraft:stone","functions":[{"function":"set_count","count":1},{"function":"set_nbt","tag":"{display:{Name:'{\"translate\":\"txt.death.msg42\"}'},after:1b}"}]},
                {"type":"item","weight":1,"name":"minecraft:stone","functions":[{"function":"set_count","count":1},{"function":"set_nbt","tag":"{display:{Name:'{\"translate\":\"txt.death.msg43\"}'},after:1b}"}]},
                {"type":"item","weight":1,"name":"minecraft:stone","functions":[{"function":"set_count","count":1},{"function":"set_nbt","tag":"{display:{Name:'{\"translate\":\"txt.death.msg44\"}'},after:1b}"}]},
                {"type":"item","weight":1,"name":"minecraft:stone","functions":[{"function":"set_count","count":1},{"function":"set_nbt","tag":"{display:{Name:'{\"translate\":\"txt.death.msg45\"}'},after:1b}"}]},
                {"type":"item","weight":1,"name":"minecraft:stone","functions":[{"function":"set_count","count":1},{"function":"set_nbt","tag":"{display:{Name:'{\"translate\":\"txt.death.msg46\"}'},after:1b}"}]},
                {"type":"item","weight":1,"name":"minecraft:stone","functions":[{"function":"set_count","count":1},{"function":"set_nbt","tag":"{display:{Name:'{\"translate\":\"txt.death.msg47\"}'},after:1b}"}]},
                {"type":"item","weight":1,"name":"minecraft:stone","functions":[{"function":"set_count","count":1},{"function":"set_nbt","tag":"{display:{Name:'{\"translate\":\"txt.death.msg48\"}'},after:1b}"}]},
                {"type":"item","weight":1,"name":"minecraft:stone","functions":[{"function":"set_count","count":1},{"function":"set_nbt","tag":"{display:{Name:'{\"translate\":\"txt.death.msg49\"}'},after:1b}"}]},
                {"type":"item","weight":1,"name":"minecraft:stone","functions":[{"function":"set_count","count":1},{"function":"set_nbt","tag":"{display:{Name:'{\"translate\":\"txt.death.msg50\"}'},after:1b}"}]},
                {"type":"item","weight":1,"name":"minecraft:stone","functions":[{"function":"set_count","count":1},{"function":"set_nbt","tag":"{display:{Name:'{\"translate\":\"txt.death.msg51\"}'},after:1b}"}]},
                {"type":"item","weight":1,"name":"minecraft:stone","functions":[{"function":"set_count","count":1},{"function":"set_nbt","tag":"{display:{Name:'{\"translate\":\"txt.death.msg52\"}'},after:1b}"}]},
                {"type":"item","weight":1,"name":"minecraft:stone","functions":[{"function":"set_count","count":1},{"function":"set_nbt","tag":"{display:{Name:'{\"translate\":\"txt.death.msg53\"}'},after:1b}"}]},
                {"type":"item","weight":1,"name":"minecraft:stone","functions":[{"function":"set_count","count":1},{"function":"set_nbt","tag":"{display:{Name:'{\"translate\":\"txt.death.msg54\"}'},after:1b}"}]},
                {"type":"item","weight":1,"name":"minecraft:stone","functions":[{"function":"set_count","count":1},{"function":"set_nbt","tag":"{display:{Name:'{\"translate\":\"txt.death.msg55\"}'},after:1b}"}]},
                {"type":"item","weight":1,"name":"minecraft:stone","functions":[{"function":"set_count","count":1},{"function":"set_nbt","tag":"{display:{Name:'{\"translate\":\"txt.death.msg56\"}'},after:1b}"}]},
                {"type":"item","weight":1,"name":"minecraft:stone","functions":[{"function":"set_count","count":1},{"function":"set_nbt","tag":"{display:{Name:'{\"translate\":\"txt.death.msg57\"}'},after:1b}"}]},
                {"type":"item","weight":1,"name":"minecraft:stone","functions":[{"function":"set_count","count":1},{"function":"set_nbt","tag":"{display:{Name:'{\"translate\":\"txt.death.msg58\"}'},after:1b}"}]},
                {"type":"item","weight":1,"name":"minecraft:stone","functions":[{"function":"set_count","count":1},{"function":"set_nbt","tag":"{display:{Name:'{\"translate\":\"txt.death.msg59\"}'},after:1b}"}]},
                {"type":"item","weight":1,"name":"minecraft:stone","functions":[{"function":"set_count","count":1},{"function":"set_nbt","tag":"{display:{Name:'{\"translate\":\"txt.death.msg60\"}'},after:1b}"}]},
                {"type":"item","weight":1,"name":"minecraft:stone","functions":[{"function":"set_count","count":1},{"function":"set_nbt","tag":"{display:{Name:'{\"translate\":\"txt.death.msg61\"}'},after:1b}"}]},
                {"type":"item","weight":1,"name":"minecraft:stone","functions":[{"function":"set_count","count":1},{"function":"set_nbt","tag":"{display:{Name:'{\"translate\":\"txt.death.msg62\"}'},after:1b}"}]},
                {"type":"item","weight":1,"name":"minecraft:stone","functions":[{"function":"set_count","count":1},{"function":"set_nbt","tag":"{display:{Name:'{\"translate\":\"txt.death.msg63\"}'},after:1b}"}]},
                {"type":"item","weight":1,"name":"minecraft:stone","functions":[{"function":"set_count","count":1},{"function":"set_nbt","tag":"{display:{Name:'{\"translate\":\"txt.death.msg64\"}'},after:1b}"}]},
                {"type":"item","weight":1,"name":"minecraft:stone","functions":[{"function":"set_count","count":1},{"function":"set_nbt","tag":"{display:{Name:'{\"translate\":\"txt.death.msg65\"}'},after:1b}"}]},
                {"type":"item","weight":1,"name":"minecraft:stone","functions":[{"function":"set_count","count":1},{"function":"set_nbt","tag":"{display:{Name:'{\"translate\":\"txt.death.msg66\"}'},after:1b}"}]},
                {"type":"item","weight":1,"name":"minecraft:stone","functions":[{"function":"set_count","count":1},{"function":"set_nbt","tag":"{display:{Name:'{\"translate\":\"txt.death.msg67\"}'},after:1b}"}]},
                {"type":"item","weight":1,"name":"minecraft:stone","functions":[{"function":"set_count","count":1},{"function":"set_nbt","tag":"{display:{Name:'{\"translate\":\"txt.death.msg68\"}'},after:1b}"}]},
                {"type":"item","weight":1,"name":"minecraft:stone","functions":[{"function":"set_count","count":1},{"function":"set_nbt","tag":"{display:{Name:'{\"translate\":\"txt.death.msg69\"}'},after:1b}"}]},
                {"type":"item","weight":1,"name":"minecraft:stone","functions":[{"function":"set_count","count":1},{"function":"set_nbt","tag":"{display:{Name:'{\"translate\":\"txt.death.msg70\"}'},after:1b}"}]},
                {"type":"item","weight":1,"name":"minecraft:stone","functions":[{"function":"set_count","count":1},{"function":"set_nbt","tag":"{display:{Name:'{\"translate\":\"txt.death.msg71\"}'},after:1b}"}]},
                {"type":"item","weight":1,"name":"minecraft:stone","functions":[{"function":"set_count","count":1},{"function":"set_nbt","tag":"{display:{Name:'{\"translate\":\"txt.death.msg72\"}'},after:1b}"}]},
                {"type":"item","weight":1,"name":"minecraft:stone","functions":[{"function":"set_count","count":1},{"function":"set_nbt","tag":"{display:{Name:'{\"translate\":\"txt.death.msg73\"}'},after:1b}"}]},
                {"type":"item","weight":1,"name":"minecraft:stone","functions":[{"function":"set_count","count":1},{"function":"set_nbt","tag":"{display:{Name:'{\"translate\":\"txt.death.msg74\"}'},after:1b}"}]},
                {"type":"item","weight":1,"name":"minecraft:stone","functions":[{"function":"set_count","count":1},{"function":"set_nbt","tag":"{display:{Name:'{\"translate\":\"txt.death.msg75\"}'},after:1b}"}]},
                {"type":"item","weight":1,"name":"minecraft:stone","functions":[{"function":"set_count","count":1},{"function":"set_nbt","tag":"{display:{Name:'{\"translate\":\"txt.death.msg76\"}'},after:1b}"}]},
                {"type":"item","weight":1,"name":"minecraft:stone","functions":[{"function":"set_count","count":1},{"function":"set_nbt","tag":"{display:{Name:'{\"translate\":\"txt.death.msg77\"}'},after:1b}"}]},
                {"type":"item","weight":1,"name":"minecraft:stone","functions":[{"function":"set_count","count":1},{"function":"set_nbt","tag":"{display:{Name:'{\"translate\":\"txt.death.msg78\"}'},after:1b}"}]},
                {"type":"item","weight":1,"name":"minecraft:stone","functions":[{"function":"set_count","count":1},{"function":"set_nbt","tag":"{display:{Name:'{\"translate\":\"txt.death.msg79\"}'},after:1b}"}]},
                {"type":"item","weight":1,"name":"minecraft:stone","functions":[{"function":"set_count","count":1},{"function":"set_nbt","tag":"{display:{Name:'{\"translate\":\"txt.death.msg80\"}'},after:1b}"}]},
                {"type":"item","weight":1,"name":"minecraft:stone","functions":[{"function":"set_count","count":1},{"function":"set_nbt","tag":"{display:{Name:'{\"translate\":\"txt.death.msg81\"}'},after:1b}"}]},
                {"type":"item","weight":1,"name":"minecraft:stone","functions":[{"function":"set_count","count":1},{"function":"set_nbt","tag":"{display:{Name:'{\"translate\":\"txt.death.msg82\"}'},after:1b}"}]},
                {"type":"item","weight":1,"name":"minecraft:stone","functions":[{"function":"set_count","count":1},{"function":"set_nbt","tag":"{display:{Name:'{\"translate\":\"txt.death.msg83\"}'},extra:'{\"translate\":\"txt.death.msg83_1\"}'}"}]},
                {"type":"item","weight":1,"name":"minecraft:stone","functions":[{"function":"set_count","count":1},{"function":"set_nbt","tag":"{display:{Name:'{\"translate\":\"txt.death.msg84\"}'},after:1b}"}]},
                {"type":"item","weight":1,"name":"minecraft:stone","functions":[{"function":"set_count","count":1},{"function":"set_nbt","tag":"{display:{Name:'{\"translate\":\"txt.death.msg85\"}'},after:1b}"}]},
                {"type":"item","weight":1,"name":"minecraft:stone","functions":[{"function":"set_count","count":1},{"function":"set_nbt","tag":"{display:{Name:'{\"translate\":\"txt.death.msg86\"}'},after:1b}"}]},
                {"type":"item","weight":1,"name":"minecraft:stone","functions":[{"function":"set_count","count":1},{"function":"set_nbt","tag":"{display:{Name:'{\"translate\":\"txt.death.msg87\"}'},after:1b}"}]},
                {"type":"item","weight":1,"name":"minecraft:stone","functions":[{"function":"set_count","count":1},{"function":"set_nbt","tag":"{display:{Name:'{\"translate\":\"txt.death.msg88\"}'},after:1b}"}]},
                {"type":"item","weight":1,"name":"minecraft:stone","functions":[{"function":"set_count","count":1},{"function":"set_nbt","tag":"{display:{Name:'{\"translate\":\"txt.death.msg89\"}'},after:1b}"}]},
                {"type":"item","weight":1,"name":"minecraft:stone","functions":[{"function":"set_count","count":1},{"function":"set_nbt","tag":"{display:{Name:'{\"translate\":\"txt.death.msg90\"}'},after:1b}"}]},
                {"type":"item","weight":1,"name":"minecraft:stone","functions":[{"function":"set_count","count":1},{"function":"set_nbt","tag":"{display:{Name:'{\"translate\":\"txt.death.msg91\"}'},after:1b}"}]},
                {"type":"item","weight":1,"name":"minecraft:stone","functions":[{"function":"set_count","count":1},{"function":"set_nbt","tag":"{display:{Name:'{\"translate\":\"txt.death.msg92\"}'},after:1b}"}]},
                {"type":"item","weight":1,"name":"minecraft:stone","functions":[{"function":"set_count","count":1},{"function":"set_nbt","tag":"{display:{Name:'{\"translate\":\"txt.death.msg93\"}'},after:1b}"}]},
                {"type":"item","weight":1,"name":"minecraft:stone","functions":[{"function":"set_count","count":1},{"function":"set_nbt","tag":"{display:{Name:'{\"translate\":\"txt.death.msg94\"}'},after:1b}"}]},
                {"type":"item","weight":1,"name":"minecraft:stone","functions":[{"function":"set_count","count":1},{"function":"set_nbt","tag":"{display:{Name:'{\"translate\":\"txt.death.msg95\"}'},extra:'{\"translate\":\"txt.death.msg95_1\"}'}"}]},
                {"type":"item","weight":1,"name":"minecraft:stone","functions":[{"function":"set_count","count":1},{"function":"set_nbt","tag":"{display:{Name:'{\"translate\":\"txt.death.msg96\"}'},after:1b}"}]},
                {"type":"item","weight":1,"name":"minecraft:stone","functions":[{"function":"set_count","count":1},{"function":"set_nbt","tag":"{display:{Name:'{\"translate\":\"txt.death.msg97\"}'},after:1b}"}]},
                {"type":"item","weight":1,"name":"minecraft:stone","functions":[{"function":"set_count","count":1},{"function":"set_nbt","tag":"{display:{Name:'{\"translate\":\"txt.death.msg98\"}'},after:1b}"}]},
                {"type":"item","weight":1,"name":"minecraft:stone","functions":[{"function":"set_count","count":1},{"function":"set_nbt","tag":"{display:{Name:'{\"translate\":\"txt.death.msg99\"}'},after:1b}"}]},
                {"type":"item","weight":1,"name":"minecraft:stone","functions":[{"function":"set_count","count":1},{"function":"set_nbt","tag":"{display:{Name:'{\"translate\":\"txt.death.msg100\"}'},after:1b}"}]},
                {"type":"item","weight":1,"name":"minecraft:stone","functions":[{"function":"set_count","count":1},{"function":"set_nbt","tag":"{display:{Name:'{\"translate\":\"txt.death.msg101\"}'},after:1b}"}]},
                {"type":"item","weight":1,"name":"minecraft:stone","functions":[{"function":"set_count","count":1},{"function":"set_nbt","tag":"{display:{Name:'{\"translate\":\"txt.death.msg102\"}'},after:1b}"}]},
                {"type":"item","weight":1,"name":"minecraft:stone","functions":[{"function":"set_count","count":1},{"function":"set_nbt","tag":"{display:{Name:'{\"translate\":\"txt.death.msg103\"}'},after:1b}"}]},
                {"type":"item","weight":1,"name":"minecraft:stone","functions":[{"function":"set_count","count":1},{"function":"set_nbt","tag":"{display:{Name:'{\"translate\":\"txt.death.msg104\"}'},after:1b}"}]},
                {"type":"item","weight":1,"name":"minecraft:stone","functions":[{"function":"set_count","count":1},{"function":"set_nbt","tag":"{display:{Name:'{\"translate\":\"txt.death.msg105\"}'},after:1b}"}]},
                {"type":"item","weight":1,"name":"minecraft:stone","functions":[{"function":"set_count","count":1},{"function":"set_nbt","tag":"{display:{Name:'{\"translate\":\"txt.death.msg106\"}'},after:1b}"}]},
                {"type":"item","weight":1,"name":"minecraft:stone","functions":[{"function":"set_count","count":1},{"function":"set_nbt","tag":"{display:{Name:'{\"translate\":\"txt.death.msg107\"}'},after:1b}"}]},
                {"type":"item","weight":1,"name":"minecraft:stone","functions":[{"function":"set_count","count":1},{"function":"set_nbt","tag":"{display:{Name:'{\"translate\":\"txt.death.msg108\"}'},after:1b}"}]},
                {"type":"item","weight":1,"name":"minecraft:stone","functions":[{"function":"set_count","count":1},{"function":"set_nbt","tag":"{display:{Name:'{\"translate\":\"txt.death.msg109\"}'},after:1b}"}]},
                {"type":"item","weight":1,"name":"minecraft:stone","functions":[{"function":"set_count","count":1},{"function":"set_nbt","tag":"{display:{Name:'{\"translate\":\"txt.death.msg110\"}'},after:1b}"}]},
                {"type":"item","weight":1,"name":"minecraft:stone","functions":[{"function":"set_count","count":1},{"function":"set_nbt","tag":"{display:{Name:'{\"translate\":\"txt.death.msg111\"}'},after:1b}"}]},
                {"type":"item","weight":1,"name":"minecraft:stone","functions":[{"function":"set_count","count":1},{"function":"set_nbt","tag":"{display:{Name:'{\"translate\":\"txt.death.msg112\"}'},after:1b}"}]},
                {"type":"item","weight":1,"name":"minecraft:stone","functions":[{"function":"set_count","count":1},{"function":"set_nbt","tag":"{display:{Name:'{\"translate\":\"txt.death.msg113\"}'},after:1b}"}]},
                {"type":"item","weight":1,"name":"minecraft:stone","functions":[{"function":"set_count","count":1},{"function":"set_nbt","tag":"{display:{Name:'{\"translate\":\"txt.death.msg114\"}'},after:1b}"}]},
                {"type":"item","weight":1,"name":"minecraft:stone","functions":[{"function":"set_count","count":1},{"function":"set_nbt","tag":"{display:{Name:'{\"translate\":\"txt.death.msg115\"}'},after:1b}"}]},
                {"type":"item","weight":1,"name":"minecraft:stone","functions":[{"function":"set_count","count":1},{"function":"set_nbt","tag":"{display:{Name:'{\"translate\":\"txt.death.msg116\"}'},after:1b}"}]},
                {"type":"item","weight":1,"name":"minecraft:stone","functions":[{"function":"set_count","count":1},{"function":"set_nbt","tag":"{display:{Name:'{\"translate\":\"txt.death.msg117\"}'},after:1b}"}]}

            ]
        }
    ]
}