{
    "type":"generic",
    "pools":[
        {
            "rolls":1,"entries":[
                {"type":"item","weight":1,"name":"minecraft:stone","functions":[{"function":"set_count","count":1},{"function":"set_nbt","tag":"{display:{Name:'{\"translate\":\"txt.death.msg254\"}'},after:1b}"}]},
                {"type":"item","weight":1,"name":"minecraft:stone","functions":[{"function":"set_count","count":1},{"function":"set_nbt","tag":"{display:{Name:'{\"translate\":\"txt.death.msg255\"}'},after:1b}"}]},
                {"type":"item","weight":1,"name":"minecraft:stone","functions":[{"function":"set_count","count":1},{"function":"set_nbt","tag":"{display:{Name:'{\"translate\":\"txt.death.msg256\"}'},after:1b}"}]},
                {"type":"item","weight":1,"name":"minecraft:stone","functions":[{"function":"set_count","count":1},{"function":"set_nbt","tag":"{display:{Name:'{\"translate\":\"txt.death.msg257\"}'},after:1b}"}]},
                {"type":"item","weight":1,"name":"minecraft:stone","functions":[{"function":"set_count","count":1},{"function":"set_nbt","tag":"{display:{Name:'{\"translate\":\"txt.death.msg258\"}'},after:1b}"}]},
                {"type":"item","weight":1,"name":"minecraft:stone","functions":[{"function":"set_count","count":1},{"function":"set_nbt","tag":"{display:{Name:'{\"translate\":\"txt.death.msg259\"}'},after:1b}"}]},
                {"type":"item","weight":1,"name":"minecraft:stone","functions":[{"function":"set_count","count":1},{"function":"set_nbt","tag":"{display:{Name:'{\"translate\":\"txt.death.msg260\"}'},after:1b}"}]},
                {"type":"item","weight":1,"name":"minecraft:stone","functions":[{"function":"set_count","count":1},{"function":"set_nbt","tag":"{display:{Name:'{\"translate\":\"txt.death.msg261\"}'},after:1b}"}]},
                {"type":"item","weight":1,"name":"minecraft:stone","functions":[{"function":"set_count","count":1},{"function":"set_nbt","tag":"{display:{Name:'{\"translate\":\"txt.death.msg262\"}'},after:1b}"}]},
                {"type":"item","weight":1,"name":"minecraft:stone","functions":[{"function":"set_count","count":1},{"function":"set_nbt","tag":"{display:{Name:'{\"translate\":\"txt.death.msg263\"}'},after:1b}"}]},
                {"type":"item","weight":1,"name":"minecraft:stone","functions":[{"function":"set_count","count":1},{"function":"set_nbt","tag":"{display:{Name:'{\"translate\":\"txt.death.msg264\"}'},after:1b}"}]},
                {"type":"item","weight":1,"name":"minecraft:stone","functions":[{"function":"set_count","count":1},{"function":"set_nbt","tag":"{display:{Name:'{\"translate\":\"txt.death.msg265\"}'},after:1b}"}]},
                {"type":"item","weight":1,"name":"minecraft:stone","functions":[{"function":"set_count","count":1},{"function":"set_nbt","tag":"{display:{Name:'{\"translate\":\"txt.death.msg266\"}'},after:1b}"}]},
                {"type":"item","weight":1,"name":"minecraft:stone","functions":[{"function":"set_count","count":1},{"function":"set_nbt","tag":"{display:{Name:'{\"translate\":\"txt.death.msg267\"}'},after:1b}"}]},
                {"type":"item","weight":1,"name":"minecraft:stone","functions":[{"function":"set_count","count":1},{"function":"set_nbt","tag":"{display:{Name:'{\"translate\":\"txt.death.msg268\"}'},after:1b}"}]},
                {"type":"item","weight":1,"name":"minecraft:stone","functions":[{"function":"set_count","count":1},{"function":"set_nbt","tag":"{display:{Name:'{\"translate\":\"txt.death.msg269\"}'},after:1b}"}]},
                {"type":"item","weight":1,"name":"minecraft:stone","functions":[{"function":"set_count","count":1},{"function":"set_nbt","tag":"{display:{Name:'{\"translate\":\"txt.death.msg270\"}'},after:1b}"}]},
                {"type":"item","weight":1,"name":"minecraft:stone","functions":[{"function":"set_count","count":1},{"function":"set_nbt","tag":"{display:{Name:'{\"translate\":\"txt.death.msg271\"}'},after:1b}"}]},
                {"type":"item","weight":1,"name":"minecraft:stone","functions":[{"function":"set_count","count":1},{"function":"set_nbt","tag":"{display:{Name:'{\"translate\":\"txt.death.msg272\"}'},after:1b}"}]},
                {"type":"item","weight":1,"name":"minecraft:stone","functions":[{"function":"set_count","count":1},{"function":"set_nbt","tag":"{display:{Name:'{\"translate\":\"txt.death.msg273\"}'},after:1b}"}]},
                {"type":"item","weight":1,"name":"minecraft:stone","functions":[{"function":"set_count","count":1},{"function":"set_nbt","tag":"{display:{Name:'{\"translate\":\"txt.death.msg274\"}'},after:1b}"}]},
                {"type":"item","weight":1,"name":"minecraft:stone","functions":[{"function":"set_count","count":1},{"function":"set_nbt","tag":"{display:{Name:'{\"translate\":\"txt.death.msg275\"}'},after:1b}"}]},
                {"type":"item","weight":1,"name":"minecraft:stone","functions":[{"function":"set_count","count":1},{"function":"set_nbt","tag":"{display:{Name:'{\"translate\":\"txt.death.msg276\"}'},after:1b}"}]},
                {"type":"item","weight":1,"name":"minecraft:stone","functions":[{"function":"set_count","count":1},{"function":"set_nbt","tag":"{display:{Name:'{\"translate\":\"txt.death.msg277\"}'},after:1b}"}]},
                {"type":"item","weight":1,"name":"minecraft:stone","functions":[{"function":"set_count","count":1},{"function":"set_nbt","tag":"{display:{Name:'{\"translate\":\"txt.death.msg278\"}'},after:1b}"}]},
                {"type":"item","weight":1,"name":"minecraft:stone","functions":[{"function":"set_count","count":1},{"function":"set_nbt","tag":"{display:{Name:'{\"translate\":\"txt.death.msg279\"}'},after:1b}"}]},
                {"type":"item","weight":1,"name":"minecraft:stone","functions":[{"function":"set_count","count":1},{"function":"set_nbt","tag":"{display:{Name:'{\"translate\":\"txt.death.msg280\"}'},after:1b}"}]},
                {"type":"item","weight":1,"name":"minecraft:stone","functions":[{"function":"set_count","count":1},{"function":"set_nbt","tag":"{display:{Name:'{\"translate\":\"txt.death.msg281\"}'},after:1b}"}]},
                {"type":"item","weight":1,"name":"minecraft:stone","functions":[{"function":"set_count","count":1},{"function":"set_nbt","tag":"{display:{Name:'{\"translate\":\"txt.death.msg282\"}'},after:1b}"}]},
                {"type":"item","weight":1,"name":"minecraft:stone","functions":[{"function":"set_count","count":1},{"function":"set_nbt","tag":"{display:{Name:'{\"translate\":\"txt.death.msg283\"}'},after:1b}"}]},
                {"type":"item","weight":1,"name":"minecraft:stone","functions":[{"function":"set_count","count":1},{"function":"set_nbt","tag":"{display:{Name:'{\"translate\":\"txt.death.msg284\"}'},after:1b}"}]},
                {"type":"item","weight":1,"name":"minecraft:stone","functions":[{"function":"set_count","count":1},{"function":"set_nbt","tag":"{display:{Name:'{\"translate\":\"txt.death.msg285\"}'},after:1b}"}]},
                {"type":"item","weight":1,"name":"minecraft:stone","functions":[{"function":"set_count","count":1},{"function":"set_nbt","tag":"{display:{Name:'{\"translate\":\"txt.death.msg286\"}'},after:1b}"}]},
                {"type":"item","weight":1,"name":"minecraft:stone","functions":[{"function":"set_count","count":1},{"function":"set_nbt","tag":"{display:{Name:'{\"translate\":\"txt.death.msg287\"}'},after:1b}"}]},
                {"type":"item","weight":1,"name":"minecraft:stone","functions":[{"function":"set_count","count":1},{"function":"set_nbt","tag":"{display:{Name:'{\"translate\":\"txt.death.msg288_a\"}'},custom:1b,custom8:1b}"}]},
                {"type":"item","weight":1,"name":"minecraft:stone","functions":[{"function":"set_count","count":1},{"function":"set_nbt","tag":"{display:{Name:'{\"translate\":\"txt.death.msg289\"}'},after:1b}"}]},
                {"type":"item","weight":1,"name":"minecraft:stone","functions":[{"function":"set_count","count":1},{"function":"set_nbt","tag":"{display:{Name:'{\"translate\":\"txt.death.msg290\"}'},after:1b}"}]},
                {"type":"item","weight":1,"name":"minecraft:stone","functions":[{"function":"set_count","count":1},{"function":"set_nbt","tag":"{display:{Name:'{\"translate\":\"txt.death.msg291\"}'},after:1b}"}]},
                {"type":"item","weight":1,"name":"minecraft:stone","functions":[{"function":"set_count","count":1},{"function":"set_nbt","tag":"{display:{Name:'{\"translate\":\"txt.death.msg292\"}'},after:1b}"}]},
                {"type":"item","weight":1,"name":"minecraft:stone","functions":[{"function":"set_count","count":1},{"function":"set_nbt","tag":"{display:{Name:'{\"translate\":\"txt.death.msg293\"}'},after:1b}"}]},
                {"type":"item","weight":1,"name":"minecraft:stone","functions":[{"function":"set_count","count":1},{"function":"set_nbt","tag":"{display:{Name:'{\"translate\":\"txt.death.msg294\"}'},after:1b}"}]},
                {"type":"item","weight":1,"name":"minecraft:stone","functions":[{"function":"set_count","count":1},{"function":"set_nbt","tag":"{display:{Name:'{\"translate\":\"txt.death.msg295\"}'},after:1b}"}]},
                {"type":"item","weight":1,"name":"minecraft:stone","functions":[{"function":"set_count","count":1},{"function":"set_nbt","tag":"{display:{Name:'{\"translate\":\"txt.death.msg296\"}'},after:1b}"}]},
                {"type":"item","weight":1,"name":"minecraft:stone","functions":[{"function":"set_count","count":1},{"function":"set_nbt","tag":"{display:{Name:'{\"translate\":\"txt.death.msg297\"}'},after:1b}"}]},
                {"type":"item","weight":1,"name":"minecraft:stone","functions":[{"function":"set_count","count":1},{"function":"set_nbt","tag":"{display:{Name:'{\"translate\":\"txt.death.msg298\"}'},after:1b}"}]},
                {"type":"item","weight":1,"name":"minecraft:stone","functions":[{"function":"set_count","count":1},{"function":"set_nbt","tag":"{display:{Name:'{\"translate\":\"txt.death.msg299\"}'},after:1b}"}]},
                {"type":"item","weight":1,"name":"minecraft:stone","functions":[{"function":"set_count","count":1},{"function":"set_nbt","tag":"{display:{Name:'{\"translate\":\"txt.death.msg300\"}'},after:1b}"}]},
                {"type":"item","weight":1,"name":"minecraft:stone","functions":[{"function":"set_count","count":1},{"function":"set_nbt","tag":"{display:{Name:'{\"translate\":\"txt.death.msg301\"}'},after:1b}"}]},
                {"type":"item","weight":1,"name":"minecraft:stone","functions":[{"function":"set_count","count":1},{"function":"set_nbt","tag":"{display:{Name:'{\"translate\":\"txt.death.msg302\"}'},after:1b}"}]},
                {"type":"item","weight":1,"name":"minecraft:stone","functions":[{"function":"set_count","count":1},{"function":"set_nbt","tag":"{display:{Name:'{\"translate\":\"txt.death.msg303\"}'},after:1b}"}]},
                {"type":"item","weight":1,"name":"minecraft:stone","functions":[{"function":"set_count","count":1},{"function":"set_nbt","tag":"{display:{Name:'{\"translate\":\"txt.death.msg304\"}'},after:1b}"}]},
                {"type":"item","weight":1,"name":"minecraft:stone","functions":[{"function":"set_count","count":1},{"function":"set_nbt","tag":"{display:{Name:'{\"translate\":\"txt.death.msg305\"}'},after:1b}"}]},
                {"type":"item","weight":1,"name":"minecraft:stone","functions":[{"function":"set_count","count":1},{"function":"set_nbt","tag":"{display:{Name:'{\"translate\":\"txt.death.msg306\"}'},after:1b}"}]},
                {"type":"item","weight":1,"name":"minecraft:stone","functions":[{"function":"set_count","count":1},{"function":"set_nbt","tag":"{display:{Name:'{\"translate\":\"txt.death.msg307\"}'},after:1b}"}]},
                {"type":"item","weight":1,"name":"minecraft:stone","functions":[{"function":"set_count","count":1},{"function":"set_nbt","tag":"{display:{Name:'{\"translate\":\"txt.death.msg308\"}'},after:1b}"}]},
                {"type":"item","weight":1,"name":"minecraft:stone","functions":[{"function":"set_count","count":1},{"function":"set_nbt","tag":"{display:{Name:'{\"translate\":\"txt.death.msg309\"}'},after:1b}"}]},
                {"type":"item","weight":1,"name":"minecraft:stone","functions":[{"function":"set_count","count":1},{"function":"set_nbt","tag":"{display:{Name:'{\"translate\":\"txt.death.msg310\"}'},after:1b}"}]},
                {"type":"item","weight":1,"name":"minecraft:stone","functions":[{"function":"set_count","count":1},{"function":"set_nbt","tag":"{display:{Name:'{\"translate\":\"txt.death.msg311\"}'},after:1b}"}]},
                {"type":"item","weight":1,"name":"minecraft:stone","functions":[{"function":"set_count","count":1},{"function":"set_nbt","tag":"{display:{Name:'{\"translate\":\"txt.death.msg312\"}'},after:1b}"}]},
                {"type":"item","weight":1,"name":"minecraft:stone","functions":[{"function":"set_count","count":1},{"function":"set_nbt","tag":"{display:{Name:'{\"translate\":\"txt.death.msg313\"}'},after:1b}"}]},
                {"type":"item","weight":1,"name":"minecraft:stone","functions":[{"function":"set_count","count":1},{"function":"set_nbt","tag":"{display:{Name:'{\"translate\":\"txt.death.msg314\"}'},after:1b}"}]},
                {"type":"item","weight":1,"name":"minecraft:stone","functions":[{"function":"set_count","count":1},{"function":"set_nbt","tag":"{display:{Name:'{\"translate\":\"txt.death.msg315\"}'},after:1b}"}]},
                {"type":"item","weight":1,"name":"minecraft:stone","functions":[{"function":"set_count","count":1},{"function":"set_nbt","tag":"{display:{Name:'{\"translate\":\"txt.death.msg316\"}'},after:1b}"}]},
                {"type":"item","weight":1,"name":"minecraft:stone","functions":[{"function":"set_count","count":1},{"function":"set_nbt","tag":"{display:{Name:'{\"translate\":\"txt.death.msg317\"}'},after:1b}"}]},
                {"type":"item","weight":1,"name":"minecraft:stone","functions":[{"function":"set_count","count":1},{"function":"set_nbt","tag":"{display:{Name:'{\"translate\":\"txt.death.msg318\"}'},after:1b}"}]},
                {"type":"item","weight":1,"name":"minecraft:stone","functions":[{"function":"set_count","count":1},{"function":"set_nbt","tag":"{display:{Name:'{\"translate\":\"txt.death.msg319\"}'},after:1b}"}]},
                {"type":"item","weight":1,"name":"minecraft:stone","functions":[{"function":"set_count","count":1},{"function":"set_nbt","tag":"{display:{Name:'{\"translate\":\"txt.death.msg320\"}'},after:1b}"}]},
                {"type":"item","weight":1,"name":"minecraft:stone","functions":[{"function":"set_count","count":1},{"function":"set_nbt","tag":"{display:{Name:'{\"translate\":\"txt.death.msg321\"}'},after:1b}"}]},
                {"type":"item","weight":1,"name":"minecraft:stone","functions":[{"function":"set_count","count":1},{"function":"set_nbt","tag":"{display:{Name:'{\"translate\":\"txt.death.msg322\"}'},after:1b}"}]},
                {"type":"item","weight":1,"name":"minecraft:stone","functions":[{"function":"set_count","count":1},{"function":"set_nbt","tag":"{display:{Name:'{\"translate\":\"txt.death.msg323\"}'},after:1b}"}]},
                {"type":"item","weight":1,"name":"minecraft:stone","functions":[{"function":"set_count","count":1},{"function":"set_nbt","tag":"{display:{Name:'{\"translate\":\"txt.death.msg324\"}'},after:1b}"}]},
                {"type":"item","weight":1,"name":"minecraft:stone","functions":[{"function":"set_count","count":1},{"function":"set_nbt","tag":"{display:{Name:'{\"translate\":\"txt.death.msg325\"}'},after:1b}"}]},
                {"type":"item","weight":1,"name":"minecraft:stone","functions":[{"function":"set_count","count":1},{"function":"set_nbt","tag":"{display:{Name:'{\"translate\":\"txt.death.msg326\"}'},after:1b}"}]},
                {"type":"item","weight":1,"name":"minecraft:stone","functions":[{"function":"set_count","count":1},{"function":"set_nbt","tag":"{display:{Name:'{\"translate\":\"txt.death.msg327\"}'},after:1b}"}]},
                {"type":"item","weight":1,"name":"minecraft:stone","functions":[{"function":"set_count","count":1},{"function":"set_nbt","tag":"{display:{Name:'{\"translate\":\"txt.death.msg328\"}'},after:1b}"}]},
                {"type":"item","weight":1,"name":"minecraft:stone","functions":[{"function":"set_count","count":1},{"function":"set_nbt","tag":"{display:{Name:'{\"translate\":\"txt.death.msg329\"}'},after:1b}"}]},
                {"type":"item","weight":1,"name":"minecraft:stone","functions":[{"function":"set_count","count":1},{"function":"set_nbt","tag":"{display:{Name:'{\"translate\":\"txt.death.msg330\"}'},after:1b}"}]},
                {"type":"item","weight":1,"name":"minecraft:stone","functions":[{"function":"set_count","count":1},{"function":"set_nbt","tag":"{display:{Name:'{\"translate\":\"txt.death.msg331\"}'},after:1b}"}]},
                {"type":"item","weight":1,"name":"minecraft:stone","functions":[{"function":"set_count","count":1},{"function":"set_nbt","tag":"{display:{Name:'{\"translate\":\"txt.death.msg332\"}'},after:1b}"}]},
                {"type":"item","weight":1,"name":"minecraft:stone","functions":[{"function":"set_count","count":1},{"function":"set_nbt","tag":"{display:{Name:'{\"translate\":\"txt.death.msg333\"}'},after:1b}"}]},
                {"type":"item","weight":1,"name":"minecraft:stone","functions":[{"function":"set_count","count":1},{"function":"set_nbt","tag":"{display:{Name:'{\"translate\":\"txt.death.msg334\"}'},after:1b}"}]},
                {"type":"item","weight":1,"name":"minecraft:stone","functions":[{"function":"set_count","count":1},{"function":"set_nbt","tag":"{display:{Name:'{\"translate\":\"txt.death.msg335\"}'},after:1b}"}]},
                {"type":"item","weight":1,"name":"minecraft:stone","functions":[{"function":"set_count","count":1},{"function":"set_nbt","tag":"{display:{Name:'{\"translate\":\"txt.death.msg336\"}'},after:1b}"}]},
                {"type":"item","weight":1,"name":"minecraft:stone","functions":[{"function":"set_count","count":1},{"function":"set_nbt","tag":"{display:{Name:'{\"translate\":\"txt.death.msg337\"}'},after:1b}"}]},
                {"type":"item","weight":1,"name":"minecraft:stone","functions":[{"function":"set_count","count":1},{"function":"set_nbt","tag":"{display:{Name:'{\"translate\":\"txt.death.msg338\"}'},after:1b}"}]},
                {"type":"item","weight":1,"name":"minecraft:stone","functions":[{"function":"set_count","count":1},{"function":"set_nbt","tag":"{display:{Name:'{\"translate\":\"txt.death.msg339\"}'},after:1b}"}]},
                {"type":"item","weight":1,"name":"minecraft:stone","functions":[{"function":"set_count","count":1},{"function":"set_nbt","tag":"{display:{Name:'{\"translate\":\"txt.death.msg340\"}'},after:1b}"}]},
                {"type":"item","weight":1,"name":"minecraft:stone","functions":[{"function":"set_count","count":1},{"function":"set_nbt","tag":"{display:{Name:'{\"translate\":\"txt.death.msg341\"}'},after:1b}"}]},
                {"type":"item","weight":1,"name":"minecraft:stone","functions":[{"function":"set_count","count":1},{"function":"set_nbt","tag":"{display:{Name:'{\"translate\":\"txt.death.msg342\"}'},after:1b}"}]},
                {"type":"item","weight":1,"name":"minecraft:stone","functions":[{"function":"set_count","count":1},{"function":"set_nbt","tag":"{display:{Name:'{\"translate\":\"txt.death.msg343\"}'},after:1b}"}]},
                {"type":"item","weight":1,"name":"minecraft:stone","functions":[{"function":"set_count","count":1},{"function":"set_nbt","tag":"{display:{Name:'{\"translate\":\"txt.death.msg344\"}'},after:1b}"}]},
                {"type":"item","weight":1,"name":"minecraft:stone","functions":[{"function":"set_count","count":1},{"function":"set_nbt","tag":"{display:{Name:'{\"translate\":\"txt.death.msg345\"}'},after:1b}"}]},
                {"type":"item","weight":1,"name":"minecraft:stone","functions":[{"function":"set_count","count":1},{"function":"set_nbt","tag":"{display:{Name:'{\"translate\":\"txt.death.msg346\"}'},after:1b}"}]},
                {"type":"item","weight":1,"name":"minecraft:stone","functions":[{"function":"set_count","count":1},{"function":"set_nbt","tag":"{display:{Name:'{\"translate\":\"txt.death.msg347\"}'},after:1b}"}]},
                {"type":"item","weight":1,"name":"minecraft:stone","functions":[{"function":"set_count","count":1},{"function":"set_nbt","tag":"{display:{Name:'{\"translate\":\"txt.death.msg348\"}'},after:1b}"}]},
                {"type":"item","weight":1,"name":"minecraft:stone","functions":[{"function":"set_count","count":1},{"function":"set_nbt","tag":"{display:{Name:'{\"translate\":\"txt.death.msg349\"}'},after:1b}"}]},
                {"type":"item","weight":1,"name":"minecraft:stone","functions":[{"function":"set_count","count":1},{"function":"set_nbt","tag":"{display:{Name:'{\"translate\":\"txt.death.msg350\"}'},after:1b}"}]},
                {"type":"item","weight":1,"name":"minecraft:stone","functions":[{"function":"set_count","count":1},{"function":"set_nbt","tag":"{display:{Name:'{\"translate\":\"txt.death.msg351\"}'},after:1b}"}]},
                {"type":"item","weight":1,"name":"minecraft:stone","functions":[{"function":"set_count","count":1},{"function":"set_nbt","tag":"{display:{Name:'{\"translate\":\"txt.death.msg352\"}'},after:1b}"}]},
                {"type":"item","weight":1,"name":"minecraft:stone","functions":[{"function":"set_count","count":1},{"function":"set_nbt","tag":"{display:{Name:'{\"translate\":\"txt.death.msg353\"}'},after:1b}"}]},
                {"type":"item","weight":1,"name":"minecraft:stone","functions":[{"function":"set_count","count":1},{"function":"set_nbt","tag":"{display:{Name:'{\"translate\":\"txt.death.msg354\"}'},after:1b}"}]},
                {"type":"item","weight":1,"name":"minecraft:stone","functions":[{"function":"set_count","count":1},{"function":"set_nbt","tag":"{display:{Name:'{\"translate\":\"txt.death.msg355\"}'},after:1b}"}]},
                {"type":"item","weight":1,"name":"minecraft:stone","functions":[{"function":"set_count","count":1},{"function":"set_nbt","tag":"{display:{Name:'{\"translate\":\"txt.death.msg356\"}'},after:1b}"}]},
                {"type":"item","weight":1,"name":"minecraft:stone","functions":[{"function":"set_count","count":1},{"function":"set_nbt","tag":"{display:{Name:'{\"translate\":\"txt.death.msg357\"}'},after:1b}"}]},
                {"type":"item","weight":1,"name":"minecraft:stone","functions":[{"function":"set_count","count":1},{"function":"set_nbt","tag":"{display:{Name:'{\"translate\":\"txt.death.msg358\"}'},after:1b}"}]},
                {"type":"item","weight":1,"name":"minecraft:stone","functions":[{"function":"set_count","count":1},{"function":"set_nbt","tag":"{display:{Name:'{\"translate\":\"txt.death.msg359\"}'},after:1b}"}]},
                {"type":"item","weight":1,"name":"minecraft:stone","functions":[{"function":"set_count","count":1},{"function":"set_nbt","tag":"{display:{Name:'{\"translate\":\"txt.death.msg360\"}'},after:1b}"}]},
                {"type":"item","weight":1,"name":"minecraft:stone","functions":[{"function":"set_count","count":1},{"function":"set_nbt","tag":"{display:{Name:'{\"translate\":\"txt.death.msg361\"}'},after:1b}"}]},
                {"type":"item","weight":1,"name":"minecraft:stone","functions":[{"function":"set_count","count":1},{"function":"set_nbt","tag":"{display:{Name:'{\"translate\":\"txt.death.msg362\"}'},after:1b}"}]},
                {"type":"item","weight":1,"name":"minecraft:stone","functions":[{"function":"set_count","count":1},{"function":"set_nbt","tag":"{display:{Name:'{\"translate\":\"txt.death.msg363\"}'},after:1b}"}]},
                {"type":"item","weight":1,"name":"minecraft:stone","functions":[{"function":"set_count","count":1},{"function":"set_nbt","tag":"{display:{Name:'{\"translate\":\"txt.death.msg364\"}'},after:1b}"}]},
                {"type":"item","weight":1,"name":"minecraft:stone","functions":[{"function":"set_count","count":1},{"function":"set_nbt","tag":"{display:{Name:'{\"translate\":\"txt.death.msg365\"}'},after:1b}"}]},
                {"type":"item","weight":1,"name":"minecraft:stone","functions":[{"function":"set_count","count":1},{"function":"set_nbt","tag":"{display:{Name:'{\"translate\":\"txt.death.msg366\"}'},after:1b}"}]},
                {"type":"item","weight":1,"name":"minecraft:stone","functions":[{"function":"set_count","count":1},{"function":"set_nbt","tag":"{display:{Name:'{\"translate\":\"txt.death.msg367\"}'},after:1b}"}]},
                {"type":"item","weight":1,"name":"minecraft:stone","functions":[{"function":"set_count","count":1},{"function":"set_nbt","tag":"{display:{Name:'{\"translate\":\"txt.death.msg368\"}'},after:1b}"}]},
                {"type":"item","weight":1,"name":"minecraft:stone","functions":[{"function":"set_count","count":1},{"function":"set_nbt","tag":"{display:{Name:'{\"translate\":\"txt.death.msg369\"}'},after:1b}"}]},
                {"type":"item","weight":1,"name":"minecraft:stone","functions":[{"function":"set_count","count":1},{"function":"set_nbt","tag":"{display:{Name:'{\"translate\":\"txt.death.msg370\"}'},after:1b}"}]},
                {"type":"item","weight":1,"name":"minecraft:stone","functions":[{"function":"set_count","count":1},{"function":"set_nbt","tag":"{display:{Name:'{\"translate\":\"txt.death.msg371\"}'},after:1b}"}]},
                {"type":"item","weight":1,"name":"minecraft:stone","functions":[{"function":"set_count","count":1},{"function":"set_nbt","tag":"{display:{Name:'{\"translate\":\"txt.death.msg372\"}'},after:1b}"}]},
                {"type":"item","weight":1,"name":"minecraft:stone","functions":[{"function":"set_count","count":1},{"function":"set_nbt","tag":"{display:{Name:'{\"translate\":\"txt.death.msg373\"}'},after:1b}"}]},
                {"type":"item","weight":1,"name":"minecraft:stone","functions":[{"function":"set_count","count":1},{"function":"set_nbt","tag":"{display:{Name:'{\"translate\":\"txt.death.msg374\"}'},after:1b}"}]},
                {"type":"item","weight":1,"name":"minecraft:stone","functions":[{"function":"set_count","count":1},{"function":"set_nbt","tag":"{display:{Name:'{\"translate\":\"txt.death.msg375\"}'},after:1b}"}]},
                {"type":"item","weight":1,"name":"minecraft:stone","functions":[{"function":"set_count","count":1},{"function":"set_nbt","tag":"{display:{Name:'{\"translate\":\"txt.death.msg376\"}'},after:1b}"}]},
                {"type":"item","weight":1,"name":"minecraft:stone","functions":[{"function":"set_count","count":1},{"function":"set_nbt","tag":"{display:{Name:'{\"translate\":\"txt.death.msg377\"}'},after:1b}"}]},
                {"type":"item","weight":1,"name":"minecraft:stone","functions":[{"function":"set_count","count":1},{"function":"set_nbt","tag":"{display:{Name:'{\"translate\":\"txt.death.msg378\"}'},after:1b}"}]},
                {"type":"item","weight":1,"name":"minecraft:stone","functions":[{"function":"set_count","count":1},{"function":"set_nbt","tag":"{display:{Name:'{\"translate\":\"txt.death.msg379\"}'},after:1b}"}]},
                {"type":"item","weight":1,"name":"minecraft:stone","functions":[{"function":"set_count","count":1},{"function":"set_nbt","tag":"{display:{Name:'{\"translate\":\"txt.death.msg380\"}'},after:1b}"}]},
                {"type":"item","weight":1,"name":"minecraft:stone","functions":[{"function":"set_count","count":1},{"function":"set_nbt","tag":"{display:{Name:'{\"translate\":\"txt.death.msg381\"}'},after:1b}"}]},
                {"type":"item","weight":1,"name":"minecraft:stone","functions":[{"function":"set_count","count":1},{"function":"set_nbt","tag":"{display:{Name:'{\"translate\":\"txt.death.msg382\"}'},after:1b}"}]},
                {"type":"item","weight":1,"name":"minecraft:stone","functions":[{"function":"set_count","count":1},{"function":"set_nbt","tag":"{display:{Name:'{\"translate\":\"txt.death.msg383\"}'},after:1b}"}]},
                {"type":"item","weight":1,"name":"minecraft:stone","functions":[{"function":"set_count","count":1},{"function":"set_nbt","tag":"{display:{Name:'{\"translate\":\"txt.death.msg384\"}'},after:1b}"}]},
                {"type":"item","weight":1,"name":"minecraft:stone","functions":[{"function":"set_count","count":1},{"function":"set_nbt","tag":"{display:{Name:'{\"translate\":\"txt.death.msg385\"}'},after:1b}"}]},
                {"type":"item","weight":1,"name":"minecraft:stone","functions":[{"function":"set_count","count":1},{"function":"set_nbt","tag":"{display:{Name:'{\"translate\":\"txt.death.msg386\"}'},after:1b}"}]},
                {"type":"item","weight":1,"name":"minecraft:stone","functions":[{"function":"set_count","count":1},{"function":"set_nbt","tag":"{display:{Name:'{\"translate\":\"txt.death.msg387\"}'},after:1b}"}]},
                {"type":"item","weight":1,"name":"minecraft:stone","functions":[{"function":"set_count","count":1},{"function":"set_nbt","tag":"{display:{Name:'{\"translate\":\"txt.death.msg388\"}'}}"}]},
                {"type":"item","weight":1,"name":"minecraft:stone","functions":[{"function":"set_count","count":1},{"function":"set_nbt","tag":"{display:{Name:'{\"translate\":\"txt.death.msg389\"}'},after:1b}"}]},
                {"type":"item","weight":1,"name":"minecraft:stone","functions":[{"function":"set_count","count":1},{"function":"set_nbt","tag":"{display:{Name:'{\"translate\":\"txt.death.msg390\"}'},after:1b}"}]},
                {"type":"item","weight":1,"name":"minecraft:stone","functions":[{"function":"set_count","count":1},{"function":"set_nbt","tag":"{display:{Name:'{\"translate\":\"txt.death.msg391\"}'},after:1b}"}]},
                {"type":"item","weight":1,"name":"minecraft:stone","functions":[{"function":"set_count","count":1},{"function":"set_nbt","tag":"{display:{Name:'{\"translate\":\"txt.death.msg392\"}'},after:1b}"}]},
                {"type":"item","weight":1,"name":"minecraft:stone","functions":[{"function":"set_count","count":1},{"function":"set_nbt","tag":"{display:{Name:'{\"translate\":\"txt.death.msg393\"}'},after:1b}"}]},
                {"type":"item","weight":1,"name":"minecraft:stone","functions":[{"function":"set_count","count":1},{"function":"set_nbt","tag":"{display:{Name:'{\"translate\":\"txt.death.msg394\"}'},after:1b}"}]},
                {"type":"item","weight":1,"name":"minecraft:stone","functions":[{"function":"set_count","count":1},{"function":"set_nbt","tag":"{display:{Name:'{\"translate\":\"txt.death.msg395\"}'},after:1b}"}]},
                {"type":"item","weight":1,"name":"minecraft:stone","functions":[{"function":"set_count","count":1},{"function":"set_nbt","tag":"{display:{Name:'{\"translate\":\"txt.death.msg396\"}'},after:1b}"}]},
                {"type":"item","weight":1,"name":"minecraft:stone","functions":[{"function":"set_count","count":1},{"function":"set_nbt","tag":"{display:{Name:'{\"translate\":\"txt.death.msg397\"}'},after:1b}"}]},
                {"type":"item","weight":1,"name":"minecraft:stone","functions":[{"function":"set_count","count":1},{"function":"set_nbt","tag":"{display:{Name:'{\"translate\":\"txt.death.msg398\"}'},after:1b}"}]},
                {"type":"item","weight":1,"name":"minecraft:stone","functions":[{"function":"set_count","count":1},{"function":"set_nbt","tag":"{display:{Name:'{\"translate\":\"txt.death.msg399\"}'},after:1b}"}]},
                {"type":"item","weight":1,"name":"minecraft:stone","functions":[{"function":"set_count","count":1},{"function":"set_nbt","tag":"{display:{Name:'{\"translate\":\"txt.death.msg400\"}'},after:1b}"}]},
                {"type":"item","weight":1,"name":"minecraft:stone","functions":[{"function":"set_count","count":1},{"function":"set_nbt","tag":"{display:{Name:'{\"translate\":\"txt.death.msg401\"}'},after:1b}"}]},
                {"type":"item","weight":1,"name":"minecraft:stone","functions":[{"function":"set_count","count":1},{"function":"set_nbt","tag":"{display:{Name:'{\"translate\":\"txt.death.msg402\"}'},after:1b}"}]},
                {"type":"item","weight":1,"name":"minecraft:stone","functions":[{"function":"set_count","count":1},{"function":"set_nbt","tag":"{display:{Name:'{\"translate\":\"txt.death.msg403\"}'},after:1b}"}]},
                {"type":"item","weight":1,"name":"minecraft:stone","functions":[{"function":"set_count","count":1},{"function":"set_nbt","tag":"{display:{Name:'{\"translate\":\"txt.death.msg404\"}'},after:1b}"}]},
                {"type":"item","weight":1,"name":"minecraft:stone","functions":[{"function":"set_count","count":1},{"function":"set_nbt","tag":"{display:{Name:'{\"translate\":\"txt.death.msg405\"}'},after:1b}"}]}

            ]
        }
    ]
}