{
    "type":"generic",
    "pools":[
        {
            "rolls":1,"entries":[
                {"type":"item","weight":1,"name":"minecraft:stone","functions":[{"function":"set_count","count":1},{"function":"set_nbt","tag":"{display:{Name:'{\"translate\":\"txt.death.msg118\"}'},after:1b}"}]},
                {"type":"item","weight":1,"name":"minecraft:stone","functions":[{"function":"set_count","count":1},{"function":"set_nbt","tag":"{display:{Name:'{\"translate\":\"txt.death.msg119\"}'},after:1b}"}]},
                {"type":"item","weight":1,"name":"minecraft:stone","functions":[{"function":"set_count","count":1},{"function":"set_nbt","tag":"{display:{Name:'{\"translate\":\"txt.death.msg120\"}'},after:1b}"}]},
                {"type":"item","weight":1,"name":"minecraft:stone","functions":[{"function":"set_count","count":1},{"function":"set_nbt","tag":"{display:{Name:'{\"translate\":\"txt.death.msg121\"}'},after:1b}"}]},
                {"type":"item","weight":1,"name":"minecraft:stone","functions":[{"function":"set_count","count":1},{"function":"set_nbt","tag":"{display:{Name:'{\"translate\":\"txt.death.msg122\"}'},after:1b}"}]},
                {"type":"item","weight":1,"name":"minecraft:stone","functions":[{"function":"set_count","count":1},{"function":"set_nbt","tag":"{display:{Name:'{\"translate\":\"txt.death.msg124\"}'},after:1b}"}]},
                {"type":"item","weight":1,"name":"minecraft:stone","functions":[{"function":"set_count","count":1},{"function":"set_nbt","tag":"{display:{Name:'{\"translate\":\"txt.death.msg125\"}'},after:1b}"}]},
                {"type":"item","weight":1,"name":"minecraft:stone","functions":[{"function":"set_count","count":1},{"function":"set_nbt","tag":"{display:{Name:'{\"translate\":\"txt.death.msg126\"}'},after:1b}"}]},
                {"type":"item","weight":1,"name":"minecraft:stone","functions":[{"function":"set_count","count":1},{"function":"set_nbt","tag":"{display:{Name:'{\"translate\":\"txt.death.msg127\"}'},after:1b}"}]},
                {"type":"item","weight":1,"name":"minecraft:stone","functions":[{"function":"set_count","count":1},{"function":"set_nbt","tag":"{display:{Name:'{\"translate\":\"txt.death.msg128\"}'},after:1b}"}]},
                {"type":"item","weight":1,"name":"minecraft:stone","functions":[{"function":"set_count","count":1},{"function":"set_nbt","tag":"{display:{Name:'{\"translate\":\"txt.death.msg129\"}'},after:1b}"}]},
                {"type":"item","weight":1,"name":"minecraft:stone","functions":[{"function":"set_count","count":1},{"function":"set_nbt","tag":"{display:{Name:'{\"translate\":\"txt.death.msg130\"}'},after:1b}"}]},
                {"type":"item","weight":1,"name":"minecraft:stone","functions":[{"function":"set_count","count":1},{"function":"set_nbt","tag":"{display:{Name:'{\"translate\":\"txt.death.msg131\"}'},after:1b}"}]},
                {"type":"item","weight":1,"name":"minecraft:stone","functions":[{"function":"set_count","count":1},{"function":"set_nbt","tag":"{display:{Name:'{\"translate\":\"txt.death.msg132\"}'},after:1b}"}]},
                {"type":"item","weight":1,"name":"minecraft:stone","functions":[{"function":"set_count","count":1},{"function":"set_nbt","tag":"{display:{Name:'{\"translate\":\"txt.death.msg133\"}'},after:1b}"}]},
                {"type":"item","weight":1,"name":"minecraft:stone","functions":[{"function":"set_count","count":1},{"function":"set_nbt","tag":"{display:{Name:'{\"translate\":\"txt.death.msg134\"}'},after:1b}"}]},
                {"type":"item","weight":1,"name":"minecraft:stone","functions":[{"function":"set_count","count":1},{"function":"set_nbt","tag":"{display:{Name:'{\"translate\":\"txt.death.msg135\"}'},after:1b}"}]},
                {"type":"item","weight":1,"name":"minecraft:stone","functions":[{"function":"set_count","count":1},{"function":"set_nbt","tag":"{display:{Name:'{\"translate\":\"txt.death.msg136\"}'},after:1b}"}]},
                {"type":"item","weight":1,"name":"minecraft:stone","functions":[{"function":"set_count","count":1},{"function":"set_nbt","tag":"{display:{Name:'{\"translate\":\"txt.death.msg137\"}'},after:1b}"}]},
                {"type":"item","weight":1,"name":"minecraft:stone","functions":[{"function":"set_count","count":1},{"function":"set_nbt","tag":"{display:{Name:'{\"translate\":\"txt.death.msg138\"}'},after:1b}"}]},
                {"type":"item","weight":1,"name":"minecraft:stone","functions":[{"function":"set_count","count":1},{"function":"set_nbt","tag":"{display:{Name:'{\"translate\":\"txt.death.msg139\"}'},after:1b}"}]},
                {"type":"item","weight":1,"name":"minecraft:stone","functions":[{"function":"set_count","count":1},{"function":"set_nbt","tag":"{display:{Name:'{\"translate\":\"txt.death.msg140\"}'},after:1b}"}]},
                {"type":"item","weight":1,"name":"minecraft:stone","functions":[{"function":"set_count","count":1},{"function":"set_nbt","tag":"{display:{Name:'{\"translate\":\"txt.death.msg141\"}'},after:1b}"}]},
                {"type":"item","weight":1,"name":"minecraft:stone","functions":[{"function":"set_count","count":1},{"function":"set_nbt","tag":"{display:{Name:'{\"translate\":\"txt.death.msg142\"}'},after:1b}"}]},
                {"type":"item","weight":1,"name":"minecraft:stone","functions":[{"function":"set_count","count":1},{"function":"set_nbt","tag":"{display:{Name:'{\"translate\":\"txt.death.msg143\"}'},after:1b}"}]},
                {"type":"item","weight":1,"name":"minecraft:stone","functions":[{"function":"set_count","count":1},{"function":"set_nbt","tag":"{display:{Name:'{\"translate\":\"txt.death.msg144\"}'},after:1b}"}]},
                {"type":"item","weight":1,"name":"minecraft:stone","functions":[{"function":"set_count","count":1},{"function":"set_nbt","tag":"{display:{Name:'{\"translate\":\"txt.death.msg145\"}'},after:1b}"}]},
                {"type":"item","weight":1,"name":"minecraft:stone","functions":[{"function":"set_count","count":1},{"function":"set_nbt","tag":"{display:{Name:'{\"translate\":\"txt.death.msg146\"}'},after:1b}"}]},
                {"type":"item","weight":1,"name":"minecraft:stone","functions":[{"function":"set_count","count":1},{"function":"set_nbt","tag":"{display:{Name:'{\"translate\":\"txt.death.msg147\"}'},after:1b}"}]},
                {"type":"item","weight":1,"name":"minecraft:stone","functions":[{"function":"set_count","count":1},{"function":"set_nbt","tag":"{display:{Name:'{\"translate\":\"txt.death.msg148\"}'},after:1b}"}]},
                {"type":"item","weight":1,"name":"minecraft:stone","functions":[{"function":"set_count","count":1},{"function":"set_nbt","tag":"{display:{Name:'{\"translate\":\"txt.death.msg149\"}'},after:1b}"}]},
                {"type":"item","weight":1,"name":"minecraft:stone","functions":[{"function":"set_count","count":1},{"function":"set_nbt","tag":"{display:{Name:'{\"translate\":\"txt.death.msg150\"}'},after:1b}"}]},
                {"type":"item","weight":1,"name":"minecraft:stone","functions":[{"function":"set_count","count":1},{"function":"set_nbt","tag":"{display:{Name:'{\"translate\":\"txt.death.msg151\"}'},after:1b}"}]},
                {"type":"item","weight":1,"name":"minecraft:stone","functions":[{"function":"set_count","count":1},{"function":"set_nbt","tag":"{display:{Name:'{\"translate\":\"txt.death.msg152\"}'},after:1b}"}]},
                {"type":"item","weight":1,"name":"minecraft:stone","functions":[{"function":"set_count","count":1},{"function":"set_nbt","tag":"{display:{Name:'{\"translate\":\"txt.death.msg153\"}'},after:1b}"}]},
                {"type":"item","weight":1,"name":"minecraft:stone","functions":[{"function":"set_count","count":1},{"function":"set_nbt","tag":"{display:{Name:'{\"translate\":\"txt.death.msg154\"}'},after:1b}"}]},
                {"type":"item","weight":1,"name":"minecraft:stone","functions":[{"function":"set_count","count":1},{"function":"set_nbt","tag":"{display:{Name:'{\"translate\":\"txt.death.msg155\"}'},after:1b}"}]},
                {"type":"item","weight":1,"name":"minecraft:stone","functions":[{"function":"set_count","count":1},{"function":"set_nbt","tag":"{display:{Name:'{\"translate\":\"txt.death.msg156\"}'},after:1b}"}]},
                {"type":"item","weight":1,"name":"minecraft:stone","functions":[{"function":"set_count","count":1},{"function":"set_nbt","tag":"{display:{Name:'{\"translate\":\"txt.death.msg157\"}'},after:1b}"}]},
                {"type":"item","weight":1,"name":"minecraft:stone","functions":[{"function":"set_count","count":1},{"function":"set_nbt","tag":"{display:{Name:'{\"translate\":\"txt.death.msg158\"}'},after:1b}"}]},
                {"type":"item","weight":1,"name":"minecraft:stone","functions":[{"function":"set_count","count":1},{"function":"set_nbt","tag":"{display:{Name:'{\"translate\":\"txt.death.msg159\"}'},after:1b}"}]},
                {"type":"item","weight":1,"name":"minecraft:stone","functions":[{"function":"set_count","count":1},{"function":"set_nbt","tag":"{display:{Name:'{\"translate\":\"txt.death.msg160\"}'},after:1b}"}]},
                {"type":"item","weight":1,"name":"minecraft:stone","functions":[{"function":"set_count","count":1},{"function":"set_nbt","tag":"{display:{Name:'{\"translate\":\"txt.death.msg161\"}'},after:1b}"}]},
                {"type":"item","weight":1,"name":"minecraft:stone","functions":[{"function":"set_count","count":1},{"function":"set_nbt","tag":"{display:{Name:'{\"translate\":\"txt.death.msg162\"}'},after:1b}"}]},
                {"type":"item","weight":1,"name":"minecraft:stone","functions":[{"function":"set_count","count":1},{"function":"set_nbt","tag":"{display:{Name:'{\"translate\":\"txt.death.msg163\"}'},after:1b}"}]},
                {"type":"item","weight":1,"name":"minecraft:stone","functions":[{"function":"set_count","count":1},{"function":"set_nbt","tag":"{display:{Name:'{\"translate\":\"txt.death.msg164\"}'},after:1b}"}]},
                {"type":"item","weight":1,"name":"minecraft:stone","functions":[{"function":"set_count","count":1},{"function":"set_nbt","tag":"{display:{Name:'{\"translate\":\"txt.death.msg165\"}'},after:1b}"}]},
                {"type":"item","weight":1,"name":"minecraft:stone","functions":[{"function":"set_count","count":1},{"function":"set_nbt","tag":"{display:{Name:'{\"translate\":\"txt.death.msg166\"}'},after:1b}"}]},
                {"type":"item","weight":1,"name":"minecraft:stone","functions":[{"function":"set_count","count":1},{"function":"set_nbt","tag":"{display:{Name:'{\"translate\":\"txt.death.msg167\"}'},after:1b}"}]},
                {"type":"item","weight":1,"name":"minecraft:stone","functions":[{"function":"set_count","count":1},{"function":"set_nbt","tag":"{display:{Name:'{\"translate\":\"txt.death.msg168\"}'},after:1b}"}]},
                {"type":"item","weight":1,"name":"minecraft:stone","functions":[{"function":"set_count","count":1},{"function":"set_nbt","tag":"{display:{Name:'{\"translate\":\"txt.death.msg169\"}'},after:1b}"}]},
                {"type":"item","weight":1,"name":"minecraft:stone","functions":[{"function":"set_count","count":1},{"function":"set_nbt","tag":"{display:{Name:'{\"translate\":\"txt.death.msg170\"}'},after:1b}"}]},
                {"type":"item","weight":1,"name":"minecraft:stone","functions":[{"function":"set_count","count":1},{"function":"set_nbt","tag":"{display:{Name:'{\"translate\":\"txt.death.msg171\"}'},after:1b}"}]},
                {"type":"item","weight":1,"name":"minecraft:stone","functions":[{"function":"set_count","count":1},{"function":"set_nbt","tag":"{display:{Name:'{\"translate\":\"txt.death.msg172\"}'},after:1b}"}]},
                {"type":"item","weight":1,"name":"minecraft:stone","functions":[{"function":"set_count","count":1},{"function":"set_nbt","tag":"{display:{Name:'{\"translate\":\"txt.death.msg173\"}'},after:1b}"}]},
                {"type":"item","weight":1,"name":"minecraft:stone","functions":[{"function":"set_count","count":1},{"function":"set_nbt","tag":"{display:{Name:'{\"translate\":\"txt.death.msg174\"}'},after:1b}"}]},
                {"type":"item","weight":1,"name":"minecraft:stone","functions":[{"function":"set_count","count":1},{"function":"set_nbt","tag":"{display:{Name:'{\"translate\":\"txt.death.msg175\"}'},after:1b}"}]},
                {"type":"item","weight":1,"name":"minecraft:stone","functions":[{"function":"set_count","count":1},{"function":"set_nbt","tag":"{display:{Name:'{\"translate\":\"txt.death.msg176\"}'},after:1b}"}]},
                {"type":"item","weight":1,"name":"minecraft:stone","functions":[{"function":"set_count","count":1},{"function":"set_nbt","tag":"{display:{Name:'{\"translate\":\"txt.death.msg177\"}'},after:1b}"}]},
                {"type":"item","weight":1,"name":"minecraft:stone","functions":[{"function":"set_count","count":1},{"function":"set_nbt","tag":"{display:{Name:'{\"translate\":\"txt.death.msg178\"}'},after:1b}"}]},
                {"type":"item","weight":1,"name":"minecraft:stone","functions":[{"function":"set_count","count":1},{"function":"set_nbt","tag":"{display:{Name:'{\"translate\":\"txt.death.msg179\"}'},after:1b}"}]},
                {"type":"item","weight":1,"name":"minecraft:stone","functions":[{"function":"set_count","count":1},{"function":"set_nbt","tag":"{display:{Name:'{\"translate\":\"txt.death.msg180\"}'},after:1b}"}]},
                {"type":"item","weight":1,"name":"minecraft:stone","functions":[{"function":"set_count","count":1},{"function":"set_nbt","tag":"{display:{Name:'{\"translate\":\"txt.death.msg181\"}'},after:1b}"}]},
                {"type":"item","weight":1,"name":"minecraft:stone","functions":[{"function":"set_count","count":1},{"function":"set_nbt","tag":"{display:{Name:'{\"translate\":\"txt.death.msg182\"}'},after:1b}"}]},
                {"type":"item","weight":1,"name":"minecraft:stone","functions":[{"function":"set_count","count":1},{"function":"set_nbt","tag":"{display:{Name:'{\"translate\":\"txt.death.msg183\"}'},after:1b}"}]},
                {"type":"item","weight":1,"name":"minecraft:stone","functions":[{"function":"set_count","count":1},{"function":"set_nbt","tag":"{display:{Name:'{\"translate\":\"txt.death.msg184\"}'},after:1b}"}]},
                {"type":"item","weight":1,"name":"minecraft:stone","functions":[{"function":"set_count","count":1},{"function":"set_nbt","tag":"{display:{Name:'{\"translate\":\"txt.death.msg185\"}'},after:1b}"}]},
                {"type":"item","weight":1,"name":"minecraft:stone","functions":[{"function":"set_count","count":1},{"function":"set_nbt","tag":"{display:{Name:'{\"translate\":\"txt.death.msg186\"}'},after:1b}"}]},
                {"type":"item","weight":1,"name":"minecraft:stone","functions":[{"function":"set_count","count":1},{"function":"set_nbt","tag":"{display:{Name:'{\"translate\":\"txt.death.msg187\"}'},after:1b}"}]},
                {"type":"item","weight":1,"name":"minecraft:stone","functions":[{"function":"set_count","count":1},{"function":"set_nbt","tag":"{display:{Name:'{\"translate\":\"txt.death.msg188\"}'},after:1b}"}]},
                {"type":"item","weight":1,"name":"minecraft:stone","functions":[{"function":"set_count","count":1},{"function":"set_nbt","tag":"{display:{Name:'{\"translate\":\"txt.death.msg189\"}'},after:1b}"}]},
                {"type":"item","weight":1,"name":"minecraft:stone","functions":[{"function":"set_count","count":1},{"function":"set_nbt","tag":"{display:{Name:'{\"translate\":\"txt.death.msg190\"}'},after:1b}"}]},
                {"type":"item","weight":1,"name":"minecraft:stone","functions":[{"function":"set_count","count":1},{"function":"set_nbt","tag":"{display:{Name:'{\"translate\":\"txt.death.msg191\"}'},after:1b}"}]},
                {"type":"item","weight":1,"name":"minecraft:stone","functions":[{"function":"set_count","count":1},{"function":"set_nbt","tag":"{display:{Name:'{\"translate\":\"txt.death.msg192\"}'},after:1b}"}]},
                {"type":"item","weight":1,"name":"minecraft:stone","functions":[{"function":"set_count","count":1},{"function":"set_nbt","tag":"{display:{Name:'{\"translate\":\"txt.death.msg193\"}'},after:1b}"}]},
                {"type":"item","weight":1,"name":"minecraft:stone","functions":[{"function":"set_count","count":1},{"function":"set_nbt","tag":"{display:{Name:'{\"translate\":\"txt.death.msg194\"}'},after:1b}"}]},
                {"type":"item","weight":1,"name":"minecraft:stone","functions":[{"function":"set_count","count":1},{"function":"set_nbt","tag":"{display:{Name:'{\"translate\":\"txt.death.msg195\"}'},after:1b}"}]},
                {"type":"item","weight":1,"name":"minecraft:stone","functions":[{"function":"set_count","count":1},{"function":"set_nbt","tag":"{display:{Name:'{\"translate\":\"txt.death.msg196\"}'},after:1b}"}]},
                {"type":"item","weight":1,"name":"minecraft:stone","functions":[{"function":"set_count","count":1},{"function":"set_nbt","tag":"{display:{Name:'{\"translate\":\"txt.death.msg197\"}'},after:1b}"}]},
                {"type":"item","weight":1,"name":"minecraft:stone","functions":[{"function":"set_count","count":1},{"function":"set_nbt","tag":"{display:{Name:'{\"translate\":\"txt.death.msg198\"}'},after:1b}"}]},
                {"type":"item","weight":1,"name":"minecraft:stone","functions":[{"function":"set_count","count":1},{"function":"set_nbt","tag":"{display:{Name:'{\"translate\":\"txt.death.msg199\"}'},after:1b}"}]},
                {"type":"item","weight":1,"name":"minecraft:stone","functions":[{"function":"set_count","count":1},{"function":"set_nbt","tag":"{display:{Name:'{\"translate\":\"txt.death.msg200\"}'},after:1b}"}]},
                {"type":"item","weight":1,"name":"minecraft:stone","functions":[{"function":"set_count","count":1},{"function":"set_nbt","tag":"{display:{Name:'{\"translate\":\"txt.death.msg201\"}'},after:1b}"}]},
                {"type":"item","weight":1,"name":"minecraft:stone","functions":[{"function":"set_count","count":1},{"function":"set_nbt","tag":"{display:{Name:'{\"translate\":\"txt.death.msg202\"}'},after:1b}"}]},
                {"type":"item","weight":1,"name":"minecraft:stone","functions":[{"function":"set_count","count":1},{"function":"set_nbt","tag":"{display:{Name:'{\"translate\":\"txt.death.msg203\"}'},after:1b}"}]},
                {"type":"item","weight":1,"name":"minecraft:stone","functions":[{"function":"set_count","count":1},{"function":"set_nbt","tag":"{display:{Name:'{\"translate\":\"txt.death.msg204\"}'},after:1b}"}]},
                {"type":"item","weight":1,"name":"minecraft:stone","functions":[{"function":"set_count","count":1},{"function":"set_nbt","tag":"{display:{Name:'{\"translate\":\"txt.death.msg205\"}'},after:1b}"}]},
                {"type":"item","weight":1,"name":"minecraft:stone","functions":[{"function":"set_count","count":1},{"function":"set_nbt","tag":"{display:{Name:'{\"translate\":\"txt.death.msg206\"}'},after:1b}"}]},
                {"type":"item","weight":1,"name":"minecraft:stone","functions":[{"function":"set_count","count":1},{"function":"set_nbt","tag":"{display:{Name:'{\"translate\":\"txt.death.msg207\"}'},after:1b}"}]},
                {"type":"item","weight":1,"name":"minecraft:stone","functions":[{"function":"set_count","count":1},{"function":"set_nbt","tag":"{display:{Name:'{\"translate\":\"txt.death.msg208\"}'},after:1b}"}]},
                {"type":"item","weight":1,"name":"minecraft:stone","functions":[{"function":"set_count","count":1},{"function":"set_nbt","tag":"{display:{Name:'{\"translate\":\"txt.death.msg209\"}'},after:1b}"}]},
                {"type":"item","weight":1,"name":"minecraft:stone","functions":[{"function":"set_count","count":1},{"function":"set_nbt","tag":"{display:{Name:'{\"translate\":\"txt.death.msg210\"}'},after:1b}"}]},
                {"type":"item","weight":1,"name":"minecraft:stone","functions":[{"function":"set_count","count":1},{"function":"set_nbt","tag":"{display:{Name:'{\"translate\":\"txt.death.msg211\"}'},after:1b}"}]},
                {"type":"item","weight":1,"name":"minecraft:stone","functions":[{"function":"set_count","count":1},{"function":"set_nbt","tag":"{display:{Name:'{\"translate\":\"txt.death.msg212\"}'},after:1b}"}]},
                {"type":"item","weight":1,"name":"minecraft:stone","functions":[{"function":"set_count","count":1},{"function":"set_nbt","tag":"{display:{Name:'{\"translate\":\"txt.death.msg213\"}'},after:1b}"}]},
                {"type":"item","weight":1,"name":"minecraft:stone","functions":[{"function":"set_count","count":1},{"function":"set_nbt","tag":"{display:{Name:'{\"translate\":\"txt.death.msg214\"}'},after:1b}"}]},
                {"type":"item","weight":1,"name":"minecraft:stone","functions":[{"function":"set_count","count":1},{"function":"set_nbt","tag":"{display:{Name:'{\"translate\":\"txt.death.msg215\"}'},after:1b}"}]},
                {"type":"item","weight":1,"name":"minecraft:stone","functions":[{"function":"set_count","count":1},{"function":"set_nbt","tag":"{display:{Name:'{\"translate\":\"txt.death.msg216\"}'},after:1b}"}]},
                {"type":"item","weight":1,"name":"minecraft:stone","functions":[{"function":"set_count","count":1},{"function":"set_nbt","tag":"{display:{Name:'{\"translate\":\"txt.death.msg217\"}'},after:1b}"}]},
                {"type":"item","weight":1,"name":"minecraft:stone","functions":[{"function":"set_count","count":1},{"function":"set_nbt","tag":"{display:{Name:'{\"translate\":\"txt.death.msg218\"}'},after:1b}"}]},
                {"type":"item","weight":1,"name":"minecraft:stone","functions":[{"function":"set_count","count":1},{"function":"set_nbt","tag":"{display:{Name:'{\"translate\":\"txt.death.msg219\"}'},after:1b}"}]},
                {"type":"item","weight":1,"name":"minecraft:stone","functions":[{"function":"set_count","count":1},{"function":"set_nbt","tag":"{display:{Name:'{\"translate\":\"txt.death.msg220\"}'},after:1b}"}]},
                {"type":"item","weight":1,"name":"minecraft:stone","functions":[{"function":"set_count","count":1},{"function":"set_nbt","tag":"{display:{Name:'{\"translate\":\"txt.death.msg221\"}'},after:1b}"}]},
                {"type":"item","weight":1,"name":"minecraft:stone","functions":[{"function":"set_count","count":1},{"function":"set_nbt","tag":"{display:{Name:'{\"translate\":\"txt.death.msg222\"}'},after:1b}"}]},
                {"type":"item","weight":1,"name":"minecraft:stone","functions":[{"function":"set_count","count":1},{"function":"set_nbt","tag":"{display:{Name:'{\"translate\":\"txt.death.msg223\"}'},after:1b}"}]},
                {"type":"item","weight":1,"name":"minecraft:stone","functions":[{"function":"set_count","count":1},{"function":"set_nbt","tag":"{display:{Name:'{\"translate\":\"txt.death.msg224\"}'},after:1b}"}]},
                {"type":"item","weight":1,"name":"minecraft:stone","functions":[{"function":"set_count","count":1},{"function":"set_nbt","tag":"{display:{Name:'{\"translate\":\"txt.death.msg225\"}'},after:1b}"}]},
                {"type":"item","weight":1,"name":"minecraft:stone","functions":[{"function":"set_count","count":1},{"function":"set_nbt","tag":"{display:{Name:'{\"translate\":\"txt.death.msg226\"}'},after:1b}"}]},
                {"type":"item","weight":1,"name":"minecraft:stone","functions":[{"function":"set_count","count":1},{"function":"set_nbt","tag":"{display:{Name:'{\"translate\":\"txt.death.msg227\"}'},after:1b}"}]},
                {"type":"item","weight":1,"name":"minecraft:stone","functions":[{"function":"set_count","count":1},{"function":"set_nbt","tag":"{display:{Name:'{\"translate\":\"txt.death.msg228\"}'},after:1b}"}]},
                {"type":"item","weight":1,"name":"minecraft:stone","functions":[{"function":"set_count","count":1},{"function":"set_nbt","tag":"{display:{Name:'{\"translate\":\"txt.death.msg229\"}'},after:1b}"}]},
                {"type":"item","weight":1,"name":"minecraft:stone","functions":[{"function":"set_count","count":1},{"function":"set_nbt","tag":"{display:{Name:'{\"translate\":\"txt.death.msg230\"}'},after:1b}"}]},
                {"type":"item","weight":1,"name":"minecraft:stone","functions":[{"function":"set_count","count":1},{"function":"set_nbt","tag":"{display:{Name:'{\"translate\":\"txt.death.msg231\"}'},after:1b}"}]},
                {"type":"item","weight":1,"name":"minecraft:stone","functions":[{"function":"set_count","count":1},{"function":"set_nbt","tag":"{display:{Name:'{\"translate\":\"txt.death.msg232\"}'},after:1b}"}]},
                {"type":"item","weight":1,"name":"minecraft:stone","functions":[{"function":"set_count","count":1},{"function":"set_nbt","tag":"{display:{Name:'{\"translate\":\"txt.death.msg233\"}'},after:1b}"}]},
                {"type":"item","weight":1,"name":"minecraft:stone","functions":[{"function":"set_count","count":1},{"function":"set_nbt","tag":"{display:{Name:'{\"translate\":\"txt.death.msg234\"}'},after:1b}"}]},
                {"type":"item","weight":1,"name":"minecraft:stone","functions":[{"function":"set_count","count":1},{"function":"set_nbt","tag":"{display:{Name:'{\"translate\":\"txt.death.msg235\"}'},after:1b}"}]},
                {"type":"item","weight":1,"name":"minecraft:stone","functions":[{"function":"set_count","count":1},{"function":"set_nbt","tag":"{display:{Name:'{\"translate\":\"txt.death.msg236\"}'},after:1b}"}]},
                {"type":"item","weight":1,"name":"minecraft:stone","functions":[{"function":"set_count","count":1},{"function":"set_nbt","tag":"{display:{Name:'{\"translate\":\"txt.death.msg237\"}'},after:1b}"}]},
                {"type":"item","weight":1,"name":"minecraft:stone","functions":[{"function":"set_count","count":1},{"function":"set_nbt","tag":"{display:{Name:'{\"translate\":\"txt.death.msg238\"}'},after:1b}"}]},
                {"type":"item","weight":1,"name":"minecraft:stone","functions":[{"function":"set_count","count":1},{"function":"set_nbt","tag":"{display:{Name:'{\"translate\":\"txt.death.msg239\"}'},after:1b}"}]},
                {"type":"item","weight":1,"name":"minecraft:stone","functions":[{"function":"set_count","count":1},{"function":"set_nbt","tag":"{display:{Name:'{\"translate\":\"txt.death.msg240\"}'},after:1b}"}]},
                {"type":"item","weight":1,"name":"minecraft:stone","functions":[{"function":"set_count","count":1},{"function":"set_nbt","tag":"{display:{Name:'{\"translate\":\"txt.death.msg241\"}'},after:1b}"}]},
                {"type":"item","weight":1,"name":"minecraft:stone","functions":[{"function":"set_count","count":1},{"function":"set_nbt","tag":"{display:{Name:'{\"translate\":\"txt.death.msg242\"}'},after:1b}"}]},
                {"type":"item","weight":1,"name":"minecraft:stone","functions":[{"function":"set_count","count":1},{"function":"set_nbt","tag":"{display:{Name:'{\"translate\":\"txt.death.msg243\"}'},after:1b}"}]},
                {"type":"item","weight":1,"name":"minecraft:stone","functions":[{"function":"set_count","count":1},{"function":"set_nbt","tag":"{display:{Name:'{\"translate\":\"txt.death.msg244\"}'},after:1b}"}]},
                {"type":"item","weight":1,"name":"minecraft:stone","functions":[{"function":"set_count","count":1},{"function":"set_nbt","tag":"{display:{Name:'{\"translate\":\"txt.death.msg245\"}'},after:1b}"}]},
                {"type":"item","weight":1,"name":"minecraft:stone","functions":[{"function":"set_count","count":1},{"function":"set_nbt","tag":"{display:{Name:'{\"translate\":\"txt.death.msg246\"}'},after:1b}"}]},
                {"type":"item","weight":1,"name":"minecraft:stone","functions":[{"function":"set_count","count":1},{"function":"set_nbt","tag":"{display:{Name:'{\"translate\":\"txt.death.msg247\"}'},after:1b}"}]},
                {"type":"item","weight":1,"name":"minecraft:stone","functions":[{"function":"set_count","count":1},{"function":"set_nbt","tag":"{display:{Name:'{\"translate\":\"txt.death.msg248\"}'},after:1b}"}]},
                {"type":"item","weight":1,"name":"minecraft:stone","functions":[{"function":"set_count","count":1},{"function":"set_nbt","tag":"{display:{Name:'{\"translate\":\"txt.death.msg249\"}'},after:1b}"}]},
                {"type":"item","weight":1,"name":"minecraft:stone","functions":[{"function":"set_count","count":1},{"function":"set_nbt","tag":"{display:{Name:'{\"translate\":\"txt.death.msg250\"}'},after:1b}"}]},
                {"type":"item","weight":1,"name":"minecraft:stone","functions":[{"function":"set_count","count":1},{"function":"set_nbt","tag":"{display:{Name:'{\"translate\":\"txt.death.msg251\"}'},after:1b}"}]},
                {"type":"item","weight":1,"name":"minecraft:stone","functions":[{"function":"set_count","count":1},{"function":"set_nbt","tag":"{display:{Name:'{\"translate\":\"txt.death.msg252\"}'},after:1b}"}]},
                {"type":"item","weight":1,"name":"minecraft:stone","functions":[{"function":"set_count","count":1},{"function":"set_nbt","tag":"{display:{Name:'{\"translate\":\"txt.death.msg253\"}'},after:1b}"}]}

            ]
        }
    ]
}