{
    "condition": "minecraft:entity_properties",
    "entity": "this",
    "predicate": {
        "location": {
            "position": {
                "x": {
                    "min": 309,
                    "max": 314
                },
                "y": {
                    "min": 233,
                    "max": 238
                },
                "z": {
                    "min": 656,
                    "max": 661
                }
            }
        }
    }
}