{
    "condition": "minecraft:entity_properties",
    "entity": "this",
    "predicate": {
        "location": {
            "position": {
                "x": {
                    "min": 226,
                    "max": 260
                },
                "y": {
                    "min": 87,
                    "max": 98
                },
                "z": {
                    "min": 8338,
                    "max": 8350
                }
            }
        }
    }
}