{
    "condition": "minecraft:alternative",
    "terms":[
        {
            "condition": "minecraft:entity_properties",
            "entity": "this",
            "predicate": {
                "location": {
                    "position": {
                        "x": {
                            "min": 279,
                            "max": 289
                        },
                        "y": {
                            "min": 0,
                            "max": 255
                        },
                        "z": {
                            "min": 7031,
                            "max": 7035
                        }
                    }
                }
            }
        },
        {
            "condition": "minecraft:entity_properties",
            "entity": "this",
            "predicate": {
                "location": {
                    "position": {
                        "x": {
                            "min": 293,
                            "max": 303
                        },
                        "y": {
                            "min": 0,
                            "max": 255
                        },
                        "z": {
                            "min": 7037,
                            "max": 7041
                        }
                    }
                }
            }
        }
    ]
}