{
    "condition": "minecraft:entity_properties",
    "entity": "this",
    "predicate": {
        "location": {
            "position": {
                "x": {
                    "min": 282,
                    "max": 305
                },
                "y": {
                    "min": 196,
                    "max": 210
                },
                "z": {
                    "min": 9807,
                    "max": 9835
                }
            }
        }
    }
}