{
    "condition": "minecraft:entity_properties",
    "entity": "this",
    "predicate": {
        "location": {
            "position": {
                "x": {
                    "min": 309,
                    "max": 312
                },
                "y": {
                    "min": 209,
                    "max": 212
                },
                "z": {
                    "min": 652,
                    "max": 660
                }
            }
        }
    }
}