{
    "condition": "minecraft:alternative",
    "terms":[
        {
            "condition": "minecraft:entity_properties",
            "entity": "this",
            "predicate": {
                "location": {
                    "position": {
                        "x": {
                            "min": 298,
                            "max": 306
                        },
                        "y": {
                            "min": 209,
                            "max": 219
                        },
                        "z": {
                            "min": 623,
                            "max": 631
                        }
                    }
                }
            }
        },
        {
            "condition": "minecraft:entity_properties",
            "entity": "this",
            "predicate": {
                "location": {
                    "position": {
                        "x": {
                            "min": 269,
                            "max": 298
                        },
                        "y": {
                            "min": 209,
                            "max": 222
                        },
                        "z": {
                            "min": 612,
                            "max": 642
                        }
                    }
                }
            }
        }
    ]
}