{"condition": "minecraft:alternative",
    "terms":[
        {
            "condition": "minecraft:entity_properties",
            "entity": "this",
            "predicate": {
                "location": {
                    "position": {
                        "x": {
                            "min": 282,
                            "max": 287
                        },
                        "y": {
                            "min": 234,
                            "max": 239
                        },
                        "z": {
                            "min": 605,
                            "max": 610
                        }
                    }
                }
            }
        },
        {
            "condition": "minecraft:entity_properties",
            "entity": "this",
            "predicate": {
                "location": {
                    "position": {
                        "x": {
                            "min": 287,
                            "max": 289
                        },
                        "y": {
                            "min": 234,
                            "max": 239
                        },
                        "z": {
                            "min": 611,
                            "max": 622
                        }
                    }
                }
            }
        }
    ]
}