{
    "condition": "minecraft:alternative",
    "terms": [
        {
            "condition": "minecraft:entity_properties",
            "entity": "this",
            "predicate": {
                "location": {
                    "position": {
                        "x": {
                            "min": 357,
                            "max": 360
                        },
                        "y": {
                            "min": 234,
                            "max": 237
                        },
                        "z": {
                            "min": 658,
                            "max": 662
                        }
                    }
                }
            }
        },
        {
            "condition": "minecraft:entity_properties",
            "entity": "this",
            "predicate": {
                "location": {
                    "position": {
                        "x": {
                            "min": 360,
                            "max": 364
                        },
                        "y": {
                            "min": 199,
                            "max": 204
                        },
                        "z": {
                            "min": 9805,
                            "max": 9809
                        }
                    }
                }
            }
        }
    ]
}
