{
    "condition": "minecraft:alternative",
    "terms": [
        {
            "condition": "minecraft:entity_properties",
            "entity": "this",
            "predicate": {
                "location": {
                    "position": {
                        "x": {
                            "min": 300,
                            "max": 308
                        },
                        "y": {
                            "min": 11,
                            "max": 15
                        },
                        "z": {
                            "min": 3148,
                            "max": 3158
                        }
                    }
                }
            }
        },
        {
            "condition": "minecraft:entity_properties",
            "entity": "this",
            "predicate": {
                "location": {
                    "position": {
                        "x": {
                            "min": 309,
                            "max": 315
                        },
                        "y": {
                            "min": 222,
                            "max": 225
                        },
                        "z": {
                            "min": 5669,
                            "max": 5675
                        }
                    }
                }
            }
        }
    ]
}