{
    "condition": "minecraft:alternative",
    "terms": [
        {
            "condition": "minecraft:entity_properties",
            "entity": "this",
            "predicate": {
                "location": {
                    "position": {
                        "x": {
                            "min": 342,
                            "max": 350
                        },
                        "y": {
                            "min": 11,
                            "max": 15
                        },
                        "z": {
                            "min": 2057,
                            "max": 2067
                        }
                    }
                }
            }
        },
        {
            "condition": "minecraft:entity_properties",
            "entity": "this",
            "predicate": {
                "location": {
                    "position": {
                        "x": {
                            "min": 305,
                            "max": 313
                        },
                        "y": {
                            "min": 223,
                            "max": 226
                        },
                        "z": {
                            "min": 4579,
                            "max": 4589
                        }
                    }
                }
            }
        }
    ]
}