{
    "condition": "minecraft:entity_properties",
    "entity": "this",
    "predicate": {
        "location": {
            "position": {
                "x": {
                    "min": 271,
                    "max": 275
                },
                "y": {
                    "min": 90,
                    "max": 95
                },
                "z": {
                    "min": 8340,
                    "max": 8346
                }
            }
        }
    }
}