{
    "condition": "minecraft:alternative",
    "terms": [
        {
            "condition": "minecraft:entity_properties",
            "entity": "this",
            "predicate": {
                "location": {
                    "position": {
                        "x": {
                            "min": 0,
                            "max": 407
                        },
                        "y": {
                            "min": 198,
                            "max": 237
                        },
                        "z": {
                            "min": 500,
                            "max": 719
                        }
                    }
                }
            }
        },
        {
            "condition": "minecraft:entity_properties",
            "entity": "this",
            "predicate": {
                "location": {
                    "position": {
                        "x": {
                            "min": 322,
                            "max": 340
                        },
                        "y": {
                            "min": 239,
                            "max": 255
                        },
                        "z": {
                            "min": 611,
                            "max": 629
                        }
                    }
                }
            }
        }
    ]
}