{
    "condition": "minecraft:entity_properties",
    "entity": "this",
    "predicate": {
        "location": {
            "position": {
                "x": {
                    "min": 263,
                    "max": 279
                },
                "y": {
                    "min": 0,
                    "max": 14
                },
                "z": {
                    "min": 7121,
                    "max": 7138
                }
            }
        }
    }
}