{
    "condition": "minecraft:entity_properties",
    "entity": "this",
    "predicate": {
        "location": {
            "position": {
                "x": {
                    "min": 249,
                    "max": 269
                },
                "y": {
                    "min": 95.5,
                    "max": 99
                },
                "z": {
                    "min": 8338,
                    "max": 8348
                }
            }
        }
    }
}