{
    "condition": "minecraft:entity_properties",
    "entity": "this",
    "predicate": {
        "location": {
            "position": {
                "x": {
                    "min": 224,
                    "max": 356
                },
                "y": {
                    "min": 66,
                    "max": 173
                },
                "z": {
                    "min": 8203,
                    "max": 8364
                }
            }
        }
    }
}