{
    "condition": "minecraft:alternative",
    "terms": [{
            "condition": "minecraft:entity_properties",
            "entity": "this",
            "predicate": {
                "location": {
                    "position": {
                        "x": {
                            "min": 304,
                            "max": 382
                        },
                        "y": {
                            "min": 227,
                            "max": 244
                        },
                        "z": {
                            "min": 661,
                            "max": 714
                        }
                    }
                }
            }
        },
        {
            "condition": "minecraft:entity_properties",
            "entity": "this",
            "predicate": {
                "location": {
                    "position": {
                        "x": {
                            "min": 309,
                            "max": 314
                        },
                        "y": {
                            "min": 233,
                            "max": 238
                        },
                        "z": {
                            "min": 656,
                            "max": 661
                        }
                    }
                }
            }
        }
    ]
}