{
    "condition": "minecraft:entity_properties",
    "entity": "this",
    "predicate": {
        "location": {
            "position": {
                "x": {
                    "min": 202,
                    "max": 407
                },
                "y": {
                    "min": 131,
                    "max": 255
                },
                "z": {
                    "min": 9647,
                    "max": 11259
                }
            }
        }
    }
}