{
    "condition": "minecraft:entity_properties",
    "entity": "this",
    "predicate": {
        "location": {
            "position": {
                "x": {
                    "min": 299,
                    "max": 302
                },
                "y": {
                    "min": 209,
                    "max": 212
                },
                "z": {
                    "min": 645,
                    "max": 648
                }
            }
        }
    }
}