{
    "condition": "minecraft:alternative",
    "terms": [{
            "condition": "minecraft:entity_properties",
            "entity": "this",
            "predicate": {
                "location": {
                    "position": {
                        "x": {
                            "min": 282,
                            "max": 287
                        },
                        "y": {
                            "min": 234,
                            "max": 239
                        },
                        "z": {
                            "min": 605,
                            "max": 610
                        }
                    }
                }
            }
        },
        {
            "condition": "minecraft:entity_properties",
            "entity": "this",
            "predicate": {
                "location": {
                    "position": {
                        "x": {
                            "min": 288,
                            "max": 293
                        },
                        "y": {
                            "min": 236,
                            "max": 241
                        },
                        "z": {
                            "min": 633,
                            "max": 638
                        }
                    }
                }
            }
        },
        {
            "condition": "minecraft:entity_properties",
            "entity": "this",
            "predicate": {
                "location": {
                    "position": {
                        "x": {
                            "min": 300,
                            "max": 311
                        },
                        "y": {
                            "min": 232,
                            "max": 237
                        },
                        "z": {
                            "min": 622,
                            "max": 627
                        }
                    }
                }
            }
        },
        {
            "condition": "minecraft:entity_properties",
            "entity": "this",
            "predicate": {
                "location": {
                    "position": {
                        "x": {
                            "min": 278,
                            "max": 283
                        },
                        "y": {
                            "min": 243,
                            "max": 248
                        },
                        "z": {
                            "min": 622,
                            "max": 627
                        }
                    }
                }
            }
        },
        {
            "condition": "minecraft:entity_properties",
            "entity": "this",
            "predicate": {
                "location": {
                    "position": {
                        "x": {
                            "min": 305,
                            "max": 310
                        },
                        "y": {
                            "min": 243,
                            "max": 248
                        },
                        "z": {
                            "min": 625,
                            "max": 630
                        }
                    }
                }
            }
        },
        {
            "condition": "minecraft:entity_properties",
            "entity": "this",
            "predicate": {
                "location": {
                    "position": {
                        "x": {
                            "min": 299,
                            "max": 304
                        },
                        "y": {
                            "min": 243,
                            "max": 248
                        },
                        "z": {
                            "min": 632,
                            "max": 637
                        }
                    }
                }
            }
        },
        {
            "condition": "minecraft:entity_properties",
            "entity": "this",
            "predicate": {
                "location": {
                    "position": {
                        "x": {
                            "min": 311,
                            "max": 316
                        },
                        "y": {
                            "min": 238,
                            "max": 242
                        },
                        "z": {
                            "min": 626,
                            "max": 630
                        }
                    }
                }
            }
        },
        {
            "condition": "minecraft:entity_properties",
            "entity": "this",
            "predicate": {
                "location": {
                    "position": {
                        "x": {
                            "min": 294,
                            "max": 299
                        },
                        "y": {
                            "min": 235,
                            "max": 240
                        },
                        "z": {
                            "min": 644,
                            "max": 649
                        }
                    }
                }
            }
        },
        {
            "condition": "minecraft:entity_properties",
            "entity": "this",
            "predicate": {
                "location": {
                    "position": {
                        "x": {
                            "min": 325,
                            "max": 329
                        },
                        "y": {
                            "min": 234,
                            "max": 239
                        },
                        "z": {
                            "min": 616,
                            "max": 620
                        }
                    }
                }
            }
        }
    ]
}