{
    "condition": "minecraft:entity_properties",
    "entity": "this",
    "predicate": {
        "location": {
            "position": {
                "x": {
                    "min": 355,
                    "max": 371
                },
                "y": {
                    "min": 232,
                    "max": 241
                },
                "z": {
                    "min": 696,
                    "max": 711
                }
            }
        }
    }
}