{
    "condition": "minecraft:alternative",
    "terms": [{
            "condition": "minecraft:entity_properties",
            "entity": "this",
            "predicate": {
                "location": {
                    "position": {
                        "x": {
                            "min": 282,
                            "max": 287
                        },
                        "y": {
                            "min": 234,
                            "max": 239
                        },
                        "z": {
                            "min": 599,
                            "max": 604
                        }
                    }
                }
            }
        },
        {
            "condition": "minecraft:entity_properties",
            "entity": "this",
            "predicate": {
                "location": {
                    "position": {
                        "x": {
                            "min": 282,
                            "max": 287
                        },
                        "y": {
                            "min": 236,
                            "max": 241
                        },
                        "z": {
                            "min": 633,
                            "max": 638
                        }
                    }
                }
            }
        },
        {
            "condition": "minecraft:entity_properties",
            "entity": "this",
            "predicate": {
                "location": {
                    "position": {
                        "x": {
                            "min": 300,
                            "max": 305
                        },
                        "y": {
                            "min": 235,
                            "max": 240
                        },
                        "z": {
                            "min": 645,
                            "max": 650
                        }
                    }
                }
            }
        },
        {
            "condition": "minecraft:entity_properties",
            "entity": "this",
            "predicate": {
                "location": {
                    "position": {
                        "x": {
                            "min": 301,
                            "max": 306
                        },
                        "y": {
                            "min": 232,
                            "max": 237
                        },
                        "z": {
                            "min": 616,
                            "max": 621
                        }
                    }
                }
            }
        },
        {
            "condition": "minecraft:entity_properties",
            "entity": "this",
            "predicate": {
                "location": {
                    "position": {
                        "x": {
                            "min": 319,
                            "max": 324
                        },
                        "y": {
                            "min": 233,
                            "max": 238
                        },
                        "z": {
                            "min": 616,
                            "max": 621
                        }
                    }
                }
            }
        },
        {
            "condition": "minecraft:entity_properties",
            "entity": "this",
            "predicate": {
                "location": {
                    "position": {
                        "x": {
                            "min": 288,
                            "max": 293
                        },
                        "y": {
                            "min": 243,
                            "max": 248
                        },
                        "z": {
                            "min": 623,
                            "max": 628
                        }
                    }
                }
            }
        },
        {
            "condition": "minecraft:entity_properties",
            "entity": "this",
            "predicate": {
                "location": {
                    "position": {
                        "x": {
                            "min": 299,
                            "max": 304
                        },
                        "y": {
                            "min": 243,
                            "max": 248
                        },
                        "z": {
                            "min": 625,
                            "max": 631
                        }
                    }
                }
            }
        },
        {
            "condition": "minecraft:entity_properties",
            "entity": "this",
            "predicate": {
                "location": {
                    "position": {
                        "x": {
                            "min": 311,
                            "max": 316
                        },
                        "y": {
                            "min": 230,
                            "max": 235
                        },
                        "z": {
                            "min": 635,
                            "max": 640
                        }
                    }
                }
            }
        },
        {
            "condition": "minecraft:entity_properties",
            "entity": "this",
            "predicate": {
                "location": {
                    "position": {
                        "x": {
                            "min": 306,
                            "max": 314
                        },
                        "y": {
                            "min": 232,
                            "max": 238
                        },
                        "z": {
                            "min": 651,
                            "max": 655
                        }
                    }
                }
            }
        },
        {
            "condition": "minecraft:entity_properties",
            "entity": "this",
            "predicate": {
                "location": {
                    "position": {
                        "x": {
                            "min": 319,
                            "max": 323
                        },
                        "y": {
                            "min": 234,
                            "max": 239
                        },
                        "z": {
                            "min": 616,
                            "max": 620
                        }
                    }
                }
            }
        },
        {
            "condition": "minecraft:entity_properties",
            "entity": "this",
            "predicate": {
                "location": {
                    "position": {
                        "x": {
                            "min": 273,
                            "max": 292
                        },
                        "y": {
                            "min": 236,
                            "max": 245
                        },
                        "z": {
                            "min": 541,
                            "max": 549
                        }
                    }
                }
            }
        }
    ]
}