{
    "condition": "minecraft:alternative",
    "terms": [
        {
            "condition": "minecraft:entity_properties",
            "entity": "this",
            "predicate": {
                "location": {
                    "position": {
                        "x": {
                            "min": 270,
                            "max": 314
                        },
                        "y": {
                            "min": 209,
                            "max": 223
                        },
                        "z": {
                            "min": 612,
                            "max": 643
                        }
                    }
                }
            }
        },
        {
            "condition": "minecraft:entity_properties",
            "entity": "this",
            "predicate": {
                "location": {
                    "position": {
                        "x": {
                            "min": 313,
                            "max": 344
                        },
                        "y": {
                            "min": 213,
                            "max": 221
                        },
                        "z": {
                            "min": 631,
                            "max": 665
                        }
                    }
                }
            }
        }
    ]
}