{
    "condition": "minecraft:entity_properties",
    "entity": "this",
    "predicate": {
        "location": {
            "position": {
                "x": {
                    "min": 259,
                    "max": 314
                },
                "y": {
                    "min": 198,
                    "max": 205
                },
                "z": {
                    "min": 603,
                    "max": 650
                }
            }
        }
    }
}