{
    "condition": "minecraft:entity_properties",
    "entity": "this",
    "predicate": {
        "location": {
            "position": {
                "x": {
                    "min": 278,
                    "max": 294
                },
                "y": {
                    "min": 244,
                    "max": 254
                },
                "z": {
                    "min": 606,
                    "max": 622
                }
            }
        }
    }
}