{
    "condition": "minecraft:entity_properties",
    "entity": "this",
    "predicate": {
        "location": {
            "position": {
                "x": {
                    "min": 284,
                    "max": 301
                },
                "y": {
                    "min": 230,
                    "max": 241
                },
                "z": {
                    "min": 660,
                    "max": 699
                }
            }
        }
    }
}