{
    "condition": "minecraft:entity_properties",
    "entity": "this",
    "predicate": {
        "location": {
            "position": {
                "x": {
                    "min": 260,
                    "max": 407
                },
                "y": {
                    "min": 0,
                    "max": 225
                },
                "z": {
                    "min": 668,
                    "max": 2095
                }
            }
        }
    }
}