{
    "condition": "minecraft:entity_properties",
    "entity": "this",
    "predicate": {
        "location": {
            "position": {
                "x": {
                    "min": 246,
                    "max": 396
                },
                "y": {
                    "min": 0,
                    "max": 230
                },
                "z": {
                    "min": 3177,
                    "max": 3188
                }
            }
        }
    }
}