{
    "condition": "minecraft:entity_properties",
    "entity": "this",
    "predicate": {
        "location": {
            "position": {
                "x": {
                    "min": 246,
                    "max": 411
                },
                "y": {
                    "min": 0,
                    "max": 191
                },
                "z": {
                    "min": 9816,
                    "max": 11174
                }
            }
        }
    }
}