{
    "condition": "minecraft:entity_properties",
    "entity": "this",
    "predicate": {
        "location": {
            "position": {
                "x": {
                    "min": 231,
                    "max": 386
                },
                "y": {
                    "min": 0,
                    "max": 255
                },
                "z": {
                    "min": 7077,
                    "max": 7102
                }
            }
        }
    }
}