{
    "condition": "minecraft:entity_properties",
    "entity": "this",
    "predicate": {
        "location": {
            "position": {
                "x": {
                    "min": 232,
                    "max": 396
                },
                "y": {
                    "min": 0,
                    "max": 230
                },
                "z": {
                    "min": 5697,
                    "max": 7077
                }
            }
        }
    }
}