{
    "condition": "minecraft:entity_properties",
    "entity": "this",
    "predicate": {
        "location": {
            "position": {
                "x": {
                    "min": 304,
                    "max": 308.9
                },
                "y": {
                    "min": 234,
                    "max": 238
                },
                "z": {
                    "min": 656,
                    "max": 660
                }
            }
        }
    }
}