{
    "condition": "minecraft:entity_properties",
    "entity": "this",
    "predicate": {
        "location": {
            "position": {
                "x": {
                    "min": 308,
                    "max": 316
                },
                "y": {
                    "min": 234,
                    "max": 239
                },
                "z": {
                    "min": 655,
                    "max": 664
                }
            }
        }
    }
}