{
    "condition": "minecraft:entity_properties",
    "entity": "this",
    "predicate": {
        "location": {
            "position": {
                "x": {
                    "min": 307.55,
                    "max": 308.9
                },
                "y": {
                    "min": 234,
                    "max": 236
                },
                "z": {
                    "min": 657,
                    "max": 660.0
                }
            }
        }
    }
}