{
    "condition": "minecraft:entity_properties",
    "entity": "this",
    "predicate": {
        "location": {
            "position": {
                "x": {
                    "min": 308,
                    "max": 312
                },
                "y": {
                    "min": 208,
                    "max": 212
                },
                "z": {
                    "min": 650,
                    "max": 660
                }
            }
        }
    }
}