{
    "condition": "minecraft:entity_properties",
    "entity": "this",
    "predicate": {
        "location": {
            "position": {
                "x": {
                    "min": 307.55,
                    "max": 308.9
                },
                "y": {
                    "min": 208,
                    "max": 210
                },
                "z": {
                    "min": 657,
                    "max": 660.0
                }
            }
        }
    }
}