{
    "condition": "minecraft:alternative",
    "terms": [
        {
            "condition": "minecraft:entity_properties",
            "entity": "this",
            "predicate": {
                "location": {
                    "position": {
                        "x": {
                            "min": 308,
                            "max": 334
                        },
                        "y": {
                            "min": 231,
                            "max": 239
                        },
                        "z": {
                            "min": 640,
                            "max": 656
                        }
                    }
                }
            }
        },
        {
            "condition": "minecraft:entity_properties",
            "entity": "this",
            "predicate": {
                "location": {
                    "position": {
                        "x": {
                            "min": 288,
                            "max": 306
                        },
                        "y": {
                            "min": 231,
                            "max": 240
                        },
                        "z": {
                            "min": 661,
                            "max": 684
                        }
                    }
                }
            }
        },
        {
            "condition": "minecraft:entity_properties",
            "entity": "this",
            "predicate": {
                "location": {
                    "position": {
                        "x": {
                            "min": 266,
                            "max": 288
                        },
                        "y": {
                            "min": 231,
                            "max": 241
                        },
                        "z": {
                            "min": 669,
                            "max": 684
                        }
                    }
                }
            }
        },
        {
            "condition": "minecraft:entity_properties",
            "entity": "this",
            "predicate": {
                "location": {
                    "position": {
                        "x": {
                            "min": 305,
                            "max": 382
                        },
                        "y": {
                            "min": 227,
                            "max": 239
                        },
                        "z": {
                            "min": 656,
                            "max": 713
                        }
                    }
                }
            }
        }
    ]
}