{
    "condition":"minecraft:alternative",
    "terms": [
        {
            "condition": "minecraft:entity_properties",
            "entity": "this",
            "predicate": {
                "location": {
                    "position": {
                        "x": {
                            "min": 243,
                            "max": 307
                        },
                        "y": {
                            "min": 232,
                            "max": 241
                        },
                        "z": {
                            "min": 590,
                            "max": 631
                        }
                    }
                }
            }
        },
        {
            "condition": "minecraft:entity_properties",
            "entity": "this",
            "predicate": {
                "location": {
                    "position": {
                        "x": {
                            "min": 287,
                            "max": 308
                        },
                        "y": {
                            "min": 234,
                            "max": 242
                        },
                        "z": {
                            "min": 630,
                            "max": 640
                        }
                    }
                }
            }
        },
        {
            "condition": "minecraft:entity_properties",
            "entity": "this",
            "predicate": {
                "location": {
                    "position": {
                        "x": {
                            "min": 301,
                            "max": 326
                        },
                        "y": {
                            "min": 234,
                            "max": 241
                        },
                        "z": {
                            "min": 607,
                            "max": 620
                        }
                    }
                }
            }
        }
    ]
}