{
    "condition":"minecraft:alternative",
    "terms": [
        {
            "condition": "minecraft:entity_properties",
            "entity": "this",
            "predicate": {
                "location": {
                    "position": {
                        "x": {
                            "min": 289,
                            "max": 375
                        },
                        "y": {
                            "min": 233,
                            "max": 242
                        },
                        "z": {
                            "min": 614,
                            "max": 651
                        }
                    }
                }
            }
        },
        {
            "condition": "minecraft:entity_properties",
            "entity": "this",
            "predicate": {
                "location": {
                    "position": {
                        "x": {
                            "min": 250,
                            "max": 389
                        },
                        "y": {
                            "min": 233,
                            "max": 242
                        },
                        "z": {
                            "min": 606,
                            "max": 638
                        }
                    }
                }
            }
        },
        {
            "condition": "minecraft:entity_properties",
            "entity": "this",
            "predicate": {
                "location": {
                    "position": {
                        "x": {
                            "min": 292,
                            "max": 331
                        },
                        "y": {
                            "min": 233,
                            "max": 255
                        },
                        "z": {
                            "min": 569,
                            "max": 607
                        }
                    }
                }
            }
        }
    ]
}