{
    "condition": "minecraft:alternative",
    "terms": [
        {
            "condition": "minecraft:entity_properties",
            "entity": "this",
            "predicate": {
                "location": {
                    "position": {
                        "x": {
                            "min": 223,
                            "max": 386
                        },
                        "y": {
                            "min": 227,
                            "max": 255
                        },
                        "z": {
                            "min": 525,
                            "max": 631
                        }
                    }
                }
            }
        },
        {
            "condition": "minecraft:entity_properties",
            "entity": "this",
            "predicate": {
                "location": {
                    "position": {
                        "x": {
                            "min": 288,
                            "max": 308
                        },
                        "y": {
                            "min": 234,
                            "max": 243
                        },
                        "z": {
                            "min": 631,
                            "max": 641
                        }
                    }
                }
            }
        },
        {
            "condition": "minecraft:entity_properties",
            "entity": "this",
            "predicate": {
                "location": {
                    "position": {
                        "x": {
                            "min": 300,
                            "max": 306
                        },
                        "y": {
                            "min": 244,
                            "max": 249
                        },
                        "z": {
                            "min": 631,
                            "max": 636
                        }
                    }
                }
            }
        }
    ]
}