{
    "condition": "minecraft:alternative",
    "terms": [
        {
            "condition": "minecraft:entity_properties",
            "entity": "this",
            "predicate": {
                "location": {
                    "position": {
                        "x": {
                            "min": 238,
                            "max": 386
                        },
                        "y": {
                            "min": 227,
                            "max": 255
                        },
                        "z": {
                            "min": 631,
                            "max": 677
                        }
                    }
                }
            }
        },
        {
            "condition": "minecraft:entity_properties",
            "entity": "this",
            "predicate": {
                "location": {
                    "position": {
                        "x": {
                            "min": 237,
                            "max": 277
                        },
                        "y": {
                            "min": 232,
                            "max": 255
                        },
                        "z": {
                            "min": 571,
                            "max": 632
                        }
                    }
                }
            }
        },
        {
            "condition": "minecraft:entity_properties",
            "entity": "this",
            "predicate": {
                "location": {
                    "position": {
                        "x": {
                            "min": 291,
                            "max": 307
                        },
                        "y": {
                            "min": 244,
                            "max": 247
                        },
                        "z": {
                            "min": 604,
                            "max": 631
                        }
                    }
                }
            }
        },
        {
            "condition": "minecraft:entity_properties",
            "entity": "this",
            "predicate": {
                "location": {
                    "position": {
                        "x": {
                            "min": 277,
                            "max": 287
                        },
                        "y": {
                            "min": 234,
                            "max": 249
                        },
                        "z": {
                            "min": 615,
                            "max": 631
                        }
                    }
                }
            }
        }
    ]
}