{
    "condition": "minecraft:entity_properties",
    "entity": "this",
    "predicate": {
        "location": {
            "position": {
                "x": {
                    "min": 269,
                    "max": 318
                },
                "y": {
                    "min": 200,
                    "max": 223
                },
                "z": {
                    "min": 611,
                    "max": 660
                }
            }
        }
    }
}