{
    "condition":"minecraft:alternative",
    "terms": [
        {
            "condition": "minecraft:entity_properties",
            "entity": "this",
            "predicate": {
                "location": {
                    "position": {
                        "x": {
                            "min": 277,
                            "max": 307
                        },
                        "y": {
                            "min": 239,
                            "max": 255
                        },
                        "z": {
                            "min": 606,
                            "max": 641
                        }
                    }
                }
            }
        },
        {
            "condition": "minecraft:entity_properties",
            "entity": "this",
            "predicate": {
                "location": {
                    "position": {
                        "x": {
                            "min": 307,
                            "max": 320
                        },
                        "y": {
                            "min": 234,
                            "max": 255
                        },
                        "z": {
                            "min": 621,
                            "max": 640
                        }
                    }
                }
            }
        },
        {
            "condition": "minecraft:entity_properties",
            "entity": "this",
            "predicate": {
                "location": {
                    "position": {
                        "x": {
                            "min": 292,
                            "max": 331
                        },
                        "y": {
                            "min": 233,
                            "max": 255
                        },
                        "z": {
                            "min": 569,
                            "max": 622
                        }
                    }
                }
            }
        }
    ]
}