{
    "condition": "minecraft:entity_properties",
    "entity": "this",
    "predicate": {
        "location": {
            "position": {
                "x": {
                    "min": 314.1,
                    "max": 318
                },
                "y": {
                    "min": 214,
                    "max": 218
                },
                "z": {
                    "min": 626,
                    "max": 629
                }
            }
        }
    }
}