{
    "condition": "minecraft:entity_properties",
    "entity": "this",
    "predicate": {
        "location": {
            "position": {
                "x": {
                    "min": 306,
                    "max": 314
                },
                "y": {
                    "min": 214,
                    "max": 220
                },
                "z": {
                    "min": 621,
                    "max": 636
                }
            }
        }
    }
}